(Parent) ASIN,(Child) ASIN,Title,SKU,Sessions - Total,Sessions - Total - B2B,Session Percentage - Total,Session Percentage - Total - B2B,Page Views - Total,Page Views - Total - B2B,Page Views Percentage - Total,Page Views Percentage - Total - B2B,Featured Offer (Buy Box) Percentage,Featured Offer (Buy Box) Percentage - B2B,Units Ordered,Units Ordered - B2B,Unit Session Percentage,Unit Session Percentage - B2B,Ordered Product Sales,Ordered Product Sales - B2B,Total Order Items,Total Order Items - B2B
B0B326WJ83,B0B326WJ83,"Black Hall Outfitters Spare Prop Kit Compatible with Old Town Sportsman PDL, Old Town Topwater PDL, Old Town Predator PDL, and Ocean Kayak Malibu PDL Kayaks",210000033923-FBA,859,18,0.29%,0.33%,"1,160",28,0.28%,0.36%,99.48%,100.00%,146,3,17.00%,16.67%,"$4,968.58",$104.97,125,2
B084L4X7BK,B084L4RWGL,"Nomad Design Madmacs Offshore High Speed Fishing Lure, Trolling Minnow, with Super Strong BKK Hooks and Heavy Duty Split Rings, Autotune System, 200mm/8 Sinking - Pink Mackerel",MADMACS200-PM,736,17,0.25%,0.31%,915,23,0.22%,0.30%,94.10%,63.64%,69,2,9.38%,11.76%,"$3,032.55",$87.90,62,2
B07PYCV1VH,B07BRXYG6V,"Old Town Canoes & Kayaks Lure Angler Men's Life Jacket (Gray, L/XL)",01.1332.9001-FBA-NEW,"3,305",46,1.11%,0.83%,"4,955",74,1.20%,0.96%,98.87%,100.00%,60,2,1.82%,4.35%,"$8,419.40",$279.98,59,2
B09RKQGKJM,B07XF3C25H,"Nomad Design DTX Minnow Patented Autotune System-Distressed Baitfish Swimming Action, Hydrospeed Belly Eyelet Faster Trolling, BKK Diablo 5X Singles 13/0 Hooks, 220 SNK 9, 50ft, Hot Pink Mackerel",DTX220-S-HPM,806,28,0.27%,0.51%,"1,044",36,0.25%,0.47%,85.17%,77.78%,62,3,7.69%,10.71%,"$3,091.33",$149.82,55,3
B0B327TDB2,B0B327TDB2,"Black Hall Outfitters Spare Prop Kit Compatible With Old Town Sportsman Powered By Minn Kota, Old Town Sportsman Autopilot 120/136, Old Town Predator MK | Includes Nut, Washer, Propeller, & Shear Pins",210000033924-FBA,321,11,0.11%,0.20%,431,13,0.10%,0.17%,99.54%,92.31%,52,1,16.20%,9.09%,"$1,819.48",$34.99,51,1
B0CCQDWLSG,B01M16K56E,NRS Neko Knife,47311.01.101,"1,812",37,0.61%,0.67%,"2,789",50,0.67%,0.65%,41.48%,38.00%,63,12,3.48%,32.43%,"$2,472.12",$470.88,49,1
B09XJ9Q5ZR,B09XJ9Q5ZR,"Boonedox Groovy T-Bone Pick Up Truck Bed Extender Hitch Mount for Kayaks, Canoes, Ladders, Lumber",BDX-GTBO-FBA,"1,213",18,0.41%,0.33%,"1,776",25,0.43%,0.32%,80.97%,48.00%,44,1,3.63%,5.56%,"$10,884.44",$244.99,44,1
B09RKQGKJM,B07XGZJD4M,"Nomad Design DTX Minnow Patented Autotune System-Distressed Baitfish Swimming Action, Hydrospeed Belly Eyelet Faster Trolling, BKK Diablo 5X Singles 13/0 Hooks, 220 SNK 9, 50ft, Black Pink Mackerel",DTX220-S-BPM,557,23,0.19%,0.42%,670,26,0.16%,0.34%,79.52%,82.35%,43,1,7.72%,4.35%,"$2,147.42",$49.94,39,1
B07PYCV1VH,B07BRXYG6V,"Old Town Canoes & Kayaks Lure Angler Men's Life Jacket (Gray, L/XL)",01.1332.9001-FBM,"3,305",46,1.11%,0.83%,"4,955",74,1.20%,0.96%,98.87%,100.00%,39,3,1.18%,6.52%,"$5,103.80",$391.05,38,2
B0B326WJ83,B0B326WJ83,"Black Hall Outfitters Spare Prop Kit Compatible with Old Town Sportsman PDL, Old Town Topwater PDL, Old Town Predator PDL, and Ocean Kayak Malibu PDL Kayaks",210000033923,859,18,0.29%,0.33%,"1,160",28,0.28%,0.36%,99.48%,100.00%,40,0,4.66%,0.00%,"$1,399.60",$0.00,36,0
B09RKQGKJM,B07X8S6ZBY,"Nomad Design DTX Minnow with Patented Autotune System - Distressed Baitfish Swimming Action, Hydrospeed Belly Eyelet Faster Trolling, BKK Diablo 5X Singles 13/0 Hooks, 220 SNK 9, 50ft, Pink Mackerel",DTX220-S-PM,388,18,0.13%,0.33%,484,22,0.12%,0.28%,87.24%,57.14%,39,2,10.05%,11.11%,"$1,888.50",$99.88,35,2
B09RKQGKJM,B07XBVDWLZ,"Nomad Design DTX Minnow with Patented Autotune System - Distressed Baitfish Swimming Action, Hydrospeed Belly Eyelet for Faster Trolling, BKK Diablo 5X Singles 13/0 Hooks, 220 SNK 9, 50ft, Phantom",DTX220-S-PHT,404,14,0.14%,0.25%,518,21,0.13%,0.27%,85.89%,75.00%,35,1,8.66%,7.14%,"$1,747.90",$49.94,33,1
B07X5BDKKY,B07X5BDKKY,"Nomad Design Madmacs - 240mm/10 Sinking High Speed - BKK Hooks - Trolling, Minnow, Silver Green Mackerel",MADMACS240-SGM-FBA,331,10,0.11%,0.18%,476,14,0.12%,0.18%,97.90%,100.00%,34,0,10.27%,0.00%,"$1,418.14",$0.00,32,0
B084L4X7BK,B07X13BV65,"Nomad Design Madmacs Offshore High Speed Fishing Lure, Trolling Minnow, with Super Strong BKK Hooks and Heavy Duty Split Rings, Autotune System, 200mm/8 Sinking - Silver Green Mackerel",MADMACS200-SGM,564,15,0.19%,0.27%,646,19,0.16%,0.25%,70.69%,75.00%,33,2,5.85%,13.33%,"$1,432.48",$86.94,31,2
B0B32Z7BGH,B0B32Z7BGH,Black Hall Outfitters Replacement Parts Kit Compatible with Old Town Sportsman Autopilot 120 Kayak and Old Town Sportsman Autopilot 136 Kayak,210000033922-FBA,542,11,0.18%,0.20%,796,15,0.19%,0.19%,98.24%,100.00%,31,0,5.72%,0.00%,"$1,549.69",$0.00,30,0
B073SC7JY4,B073SCSZFJ,YakGear 01-9004-SO The Fish Stik - Orange,01-9004-SO,"2,066",36,0.69%,0.65%,"2,931",49,0.71%,0.63%,20.48%,11.63%,28,0,1.36%,0.00%,$989.72,$0.00,28,0
B09RKQGKJM,B07X8RHBGV,"Nomad Design DTX Minnow with Patented Autotune System-Distressed Baitfish Swimming Action, Hydrospeed Belly Eyelet Faster Trolling, BKK Diablo 5X Singles 13/0 Hooks, 220 SNK 9, 50ft, Spanish Mackerel",DTX220-S-SM,320,6,0.11%,0.11%,422,7,0.10%,0.09%,75.92%,75.00%,28,1,8.75%,16.67%,"$1,331.57",$47.95,28,1
B084L4X7BK,B07X59L1R1,"Nomad Design Madmacs Offshore High Speed Fishing Lure, Trolling Minnow, with Super Strong BKK Hooks and Heavy Duty Split Rings, Autotune System, 240mm/10 Sinking - Spanish Mackerel",MADMACS240-SM,333,8,0.11%,0.14%,415,8,0.10%,0.10%,94.89%,100.00%,28,0,8.41%,0.00%,"$1,177.09",$0.00,27,0
B09RKQGKJM,B08R5MPL66,"Nomad Design DTX Minnow with Patented Autotune System-Distressed Baitfish Swimming Action, Hydrospeed Belly Eyelet Faster Trolling, BKK Diablo 5X Singles 13/0 Hooks, 220 SNK 9, 50ft, Hot Pink Glow",DTX220-S-HPG,539,12,0.18%,0.22%,640,12,0.15%,0.16%,78.53%,85.71%,28,0,5.19%,0.00%,"$1,370.04",$0.00,27,0
B08WYVSZNF,B08WYVSZNF,Boonedox Groovy Landing Gear Track Kit Adjustable Kayak Wheel Cart,BDX-GLGTRK,"1,135",14,0.38%,0.25%,"1,639",19,0.40%,0.25%,97.19%,89.47%,26,1,2.29%,7.14%,"$7,988.70",$309.95,26,1
B084L4X7BK,B07X13CMX7,"Nomad Design Madmacs Offshore High Speed Fishing Lure, Trolling Minnow, with Super Strong BKK Hooks and Heavy Duty Split Rings, Autotune System, 200mm/8 Sinking - Spanish Mackerel",MADMACS200-SM,563,13,0.19%,0.24%,655,16,0.16%,0.21%,74.21%,50.00%,27,0,4.80%,0.00%,"$1,272.78",$0.00,24,0
B084L4X7BK,B07X13DN4D,"Nomad Design Madmacs Offshore High Speed Fishing Lure, Trolling Minnow, with Super Strong BKK Hooks and Heavy Duty Split Rings, Autotune System, 200mm/8 Sinking - Nuclear Coral Trout",MADMACS200-NCT,663,15,0.22%,0.27%,796,17,0.19%,0.22%,86.63%,81.82%,23,0,3.47%,0.00%,$961.64,$0.00,23,0
B084L4X7BK,B07X5CQ8DB,"Nomad Design Madmacs Offshore High Speed Fishing Lure, Trolling Minnow, with Super Strong BKK Hooks and Heavy Duty Split Rings, Autotune System, 240mm/10 Sinking, Hot Pink Mackerel",MADMACS240-HPM,577,14,0.19%,0.25%,708,15,0.17%,0.19%,66.97%,100.00%,30,0,5.20%,0.00%,"$1,797.48",$0.00,23,0
B0CC6CPXQM,B0CC69Z4R5,STRADIC C3000XG FM,STC3000XGFM,"1,516",22,0.51%,0.40%,"2,032",25,0.49%,0.32%,20.12%,5.00%,23,0,1.52%,0.00%,"$5,038.98",$0.00,23,0
B0CC6CPXQM,B0CC6DCLQD,STRADIC C5000XG FM,STC5000XGFM,"2,368",54,0.79%,0.98%,"3,206",71,0.77%,0.92%,29.77%,43.08%,28,1,1.18%,1.85%,"$6,438.52",$229.94,23,1
B07YQ8C5Z5,B07YQ8C5Z5,Hobie Caution Flag Red,MK0046,205,2,0.07%,0.04%,259,3,0.06%,0.04%,90.73%,66.67%,25,1,12.20%,50.00%,$169.75,$6.79,22,1
B09RKQGKJM,B08R5QM91K,"Nomad Design DTX Minnow with Patented Autotune System - Distressed Baitfish Swimming Action, Hydrospeed Belly Eyelet for Faster Trolling, BKK Diablo 5X Singles 13/0 Hooks, 220 SNK 9, 50ft, Wahooligan",DTX220-S-WHOO,468,16,0.16%,0.29%,594,20,0.14%,0.26%,37.59%,40.00%,25,0,5.34%,0.00%,"$1,240.65",$0.00,21,0
B082MSK9CQ,B082MS71RF,Tsunami SaltX Spinning Reels,TSSTX4000,"3,409",50,1.14%,0.90%,"5,071",80,1.23%,1.03%,31.29%,54.90%,20,0,0.59%,0.00%,"$5,698.86",$0.00,19,0
B08VF1HFTF,B01NCP55AI,Tsunami Shield 6000 Saltwater Sealed Surf Spinning Reel 40lb 350yd New,TSSHD6000,539,6,0.18%,0.11%,699,9,0.17%,0.12%,41.81%,100.00%,20,0,3.71%,0.00%,"$2,089.81",$0.00,18,0
B07VX8VPRM,B07VX8B2BH,Shimano Inc. SPEEDMASTER II 16,SPM16II,"2,487",39,0.83%,0.71%,"3,406",63,0.82%,0.82%,24.53%,40.68%,20,0,0.80%,0.00%,"$5,799.61",$0.00,18,0
B084L4X7BK,B07X36WJZW,"Nomad Design Madmacs Offshore High Speed Fishing Lure, Trolling Minnow, with Super Strong BKK Hooks and Heavy Duty Split Rings, Autotune System, 200mm/8 Sinking - Hot Pink Mackerel",MADMACS200-HPM,338,15,0.11%,0.27%,451,17,0.11%,0.22%,47.29%,66.67%,18,0,5.33%,0.00%,$809.10,$0.00,17,0
B07QQMT1DS,B07QQMT1DS,Boonedox Groovy Landing Gear Standard Kit Kayak Wheel Cart,BDX-GLGSTD,997,8,0.33%,0.14%,"1,326",10,0.32%,0.13%,88.76%,100.00%,16,0,1.60%,0.00%,"$5,438.50",$0.00,16,0
B084L4X7BK,B07X5DF5Y2,"Nomad Design Madmacs Offshore High Speed Fishing Lure, Trolling Minnow, with Super Strong BKK Hooks and Heavy Duty Split Rings, Autotune System, 240mm/10 Sinking - Black Pink Mackerel",MADMACS240-BPM-FBA,399,11,0.13%,0.20%,462,11,0.11%,0.14%,78.47%,75.00%,15,1,3.76%,9.09%,$899.10,$59.94,15,1
B084LM6MRV,B084KHDRL6,"Carlisle Magic Angler Kayak Paddle with Polypropylene Blades and Wrapped Fiberglass Shaft, 250cm - Camo",01.2509.4072,547,5,0.18%,0.09%,718,5,0.17%,0.06%,30.07%,50.00%,15,0,2.74%,0.00%,"$1,949.79",$0.00,15,0
B073SC7JY4,B073SCVH6J,YakGear 01-9004-Y The Fish Stik - Yellow,01-9004-Y,"1,056",23,0.35%,0.42%,"1,459",33,0.35%,0.43%,22.35%,0.00%,14,0,1.33%,0.00%,$489.86,$0.00,14,0
B07VX8VPRM,B07VX9JRF7,Shimano Inc. SPEEDMASTER II 12,SPM12II,"2,764",69,0.93%,1.25%,"3,883",110,0.94%,1.42%,30.13%,38.68%,20,0,0.72%,0.00%,"$5,599.70",$0.00,14,0
B084LM6MRV,B084KRDC5P,"Carlisle Paddles Magic Angler Kayak Paddle with Polypropylene Blades and Wrapped Fiberglass Shaft, 250cm - Photic",01.2509.4080-FBA,416,3,0.14%,0.05%,542,3,0.13%,0.04%,48.89%,0.00%,16,0,3.85%,0.00%,"$1,966.58",$0.00,14,0
B0B25TW9LC,B0B25TW9LC,"Black Hall Outfitters Replacement Parts Kit Compatible with Old Town Sportsman 106 PDL Kayak, Old Town Sportsman 120 PDL Kayak, Old Town Sportsman Salty PDL Kayak",210000033919-FBA,546,12,0.18%,0.22%,726,18,0.18%,0.23%,98.48%,72.22%,16,0,2.93%,0.00%,"$1,514.84",$0.00,14,0
B07PYCV1VH,B07BRYQ52B,"Old Town Canoes & Kayaks Lure Angler Men's Life Jacket (Gray, XXL/XXXL)",01.1332.9002,537,3,0.18%,0.05%,734,7,0.18%,0.09%,92.88%,100.00%,13,1,2.42%,33.33%,"$1,873.93",$138.54,13,1
B0B25RLDDV,B0B25RLDDV,Black Hall Outfitters Replacement Parts Kit Compatible with Old Town Sportsman 106 Powered by Minn Kota Kayak,210000033921-FBA,256,4,0.09%,0.07%,374,4,0.09%,0.05%,96.52%,100.00%,13,0,5.08%,0.00%,"$1,039.87",$0.00,13,0
B084L4X7BK,B07X58Z9DX,"Nomad Design Madmacs Offshore High Speed Fishing Lure, Trolling Minnow, with Super Strong BKK Hooks and Heavy Duty Split Rings, Autotune System, 200mm/8 Sinking - Black Pink Mackerel",MADMACS200-BPM,724,18,0.24%,0.33%,865,25,0.21%,0.32%,37.32%,10.53%,13,1,1.80%,5.56%,$577.50,$44.66,12,1
B084LM6MRV,B084KV6QBD,"Carlisle Magic Angler Kayak Paddle with Polypropylene Blades and Wrapped Fiberglass Shaft, 250cm - First Light",01.2509.4076,487,5,0.16%,0.09%,655,6,0.16%,0.08%,93.13%,100.00%,12,0,2.46%,0.00%,"$1,336.54",$0.00,12,0
B084L4X7BK,B084L5CB55,"Nomad Design Madmacs Offshore High Speed Fishing Lure, Trolling Minnow, with Super Strong BKK Hooks and Heavy Duty Split Rings, Autotune System, 200mm/8 Sinking - Orange Mackerel",MADMACS200-OM,422,11,0.14%,0.20%,486,12,0.12%,0.16%,52.23%,57.14%,13,0,3.08%,0.00%,$594.48,$0.00,12,0
B001449DRM,B001449DRM,"Van Staal 7"" Titanium Pliers Kit with Lanyard and Sheath",FP7000-KIT-FBA,"1,624",37,0.55%,0.67%,"2,054",42,0.50%,0.54%,30.53%,50.00%,11,0,0.68%,0.00%,"$4,169.00",$0.00,11,0
B01FWSKCPW,B01FWSKCPW,"Yak Attack Gen II GearTrac, 12"", GT175, Silver - GT175G2-12",GT175G2-12-U,868,13,0.29%,0.24%,"1,290",24,0.31%,0.31%,0.00%,0.00%,16,0,1.84%,0.00%,$304.00,$0.00,11,0
B084LM6MRV,B084KQFSYL,"Carlisle Paddles Magic Angler Kayak Paddle with Polypropylene Blades and Wrapped Fiberglass Shaft, 240cm - Photic",01.2509.4079,516,9,0.17%,0.16%,664,11,0.16%,0.14%,93.42%,87.50%,11,0,2.13%,0.00%,"$1,171.36",$0.00,11,0
B085118DMP,B085118DMP,Hobie Turbo Fin Kit - Kick Up 72067032,72067032,243,8,0.08%,0.14%,344,8,0.08%,0.10%,84.01%,87.50%,12,0,4.94%,0.00%,"$2,784.00",$0.00,11,0
B08B2TNS7S,B08B44314P,"Rio Premier Gold Fly Line, Easy to Cast Flies from Size 2 to 22, Ultimate All-Around Fly Line with Ultra-Slick Performance, Moss/Gold, 90ft, WF5F",6-19232,649,10,0.22%,0.18%,809,17,0.20%,0.22%,12.50%,0.00%,12,0,1.85%,0.00%,"$1,155.74",$0.00,11,0
B08DJ8F6X3,B08DJ8HDQP,Shimano Inc. VANFORD C3000XG F,VFC3000XGF,956,18,0.32%,0.33%,"1,185",20,0.29%,0.26%,32.22%,52.63%,11,0,1.15%,0.00%,"$2,859.81",$0.00,11,0
B005CSYT6G,B001443EHW,"Shimano TLD 50 II LRS A 2 Speed Trolling Multiplier Offshore Fishing Reel, TLD50IILRSA",TLD50IILRSA,"2,722",70,0.91%,1.27%,"3,418",92,0.83%,1.19%,19.93%,33.33%,13,0,0.48%,0.00%,"$5,719.77",$0.00,10,0
B008NDY2WI,B008NDY2WI,Tsunami Airwave 11' Surf Rod Heavy Action TSAWSS-1102H,TSAWSS-1102H,848,10,0.28%,0.18%,"1,172",14,0.28%,0.18%,54.27%,57.14%,11,0,1.30%,0.00%,"$1,599.50",$0.00,10,0
B01N1VBQCL,B01N1VBQCL,Tsunami Shield 5000 Saltwater Sealed Spinning Reel,TSSHD5000,561,7,0.19%,0.13%,842,9,0.20%,0.12%,35.39%,44.44%,11,0,1.96%,0.00%,"$1,209.89",$0.00,10,0
B071X4PKQZ,B071X4PKQZ,"YakAttack VISIFlag, 52"" Tall mast with Flag, Includes MightyMount and Hardware",VFP-1001+MMH,"1,440",19,0.48%,0.34%,"1,886",22,0.46%,0.28%,10.82%,13.64%,10,1,0.69%,5.26%,$399.50,$39.95,10,1
B084LM6MRV,B084KV6QBD,"Carlisle Magic Angler Kayak Paddle with Polypropylene Blades and Wrapped Fiberglass Shaft, 250cm - First Light",01.2509.4076-FBA,487,5,0.16%,0.09%,655,6,0.16%,0.08%,93.13%,100.00%,10,0,2.05%,0.00%,"$1,142.39",$0.00,10,0
B08RYXYF7M,B08RYXYF7M,"Kayak Hobie Ram Ball H-Rail 1.5"" Ball",84620151,54,0,0.02%,0.00%,81,0,0.02%,0.00%,87.65%,0.00%,10,0,18.52%,0.00%,$479.90,$0.00,10,0
B0CC6CPXQM,B0CC69LJFR,STRADIC 4000XG FM,ST4000XGFM,"1,503",23,0.50%,0.42%,"1,998",35,0.48%,0.45%,21.46%,12.90%,10,0,0.67%,0.00%,"$2,052.93",$0.00,10,0
B01N29NSCJ,B01N29NSCJ,Tsunami TSSPJC-761XH Trophy Slow Pitch Jigging Casting Rods,TSSPJC-761XH,415,12,0.14%,0.22%,582,15,0.14%,0.19%,76.46%,86.67%,11,0,2.65%,0.00%,"$1,199.50",$0.00,9,0
B09489RPWP,B078PT2TF2,Yak Attack Omega Pro Universal Fishing Rod Holder - RHM-1002,RHM-1002,"12,719",228,4.27%,4.12%,"31,829",551,7.69%,7.13%,1.09%,0.00%,11,0,0.09%,0.00%,$439.45,$0.00,9,0
B079VRB13R,B079VRB13R,Van Staal VR50 Spinning Reel | Silver,VR50,790,22,0.27%,0.40%,"1,037",29,0.25%,0.38%,35.68%,34.48%,10,0,1.27%,0.00%,"$5,199.43",$0.00,9,0
B08VF1HFTF,B07CPHPH3S,Tsunami Shield 8000 Spinning Reel,TSSHD8000,555,3,0.19%,0.05%,728,3,0.18%,0.04%,35.62%,50.00%,10,0,1.80%,0.00%,"$1,199.90",$0.00,9,0
B082MSK9CQ,B083V78BZJ,Tsunami TSSTX6000-BK Saltwater Spinning Sealed Reel Black,TSSTX6000-BK,"2,583",39,0.87%,0.71%,"3,703",52,0.89%,0.67%,25.16%,25.81%,10,0,0.39%,0.00%,"$2,999.40",$0.00,9,0
B004E5AKJI,B004E5AKJI,Tsunami Airwave 12' Surf Fishing Rod Heavy Action TSAWSS-1202H,TSAWSS-1202H,678,11,0.23%,0.20%,907,15,0.22%,0.19%,56.56%,93.33%,9,0,1.33%,0.00%,"$1,619.46",$0.00,8,0
B07QGH6T5M,B07QGH6T5M,Tsunami Carbon Shield II TSCSHDII761MH Spinning Rod,TSCSHDII761MH,641,8,0.22%,0.14%,934,9,0.23%,0.12%,52.03%,66.67%,8,0,1.25%,0.00%,"$1,039.92",$0.00,8,0
B084L4X7BK,B07X4B37ND,"Nomad Design Madmacs Offshore High Speed Fishing Lure, Trolling Minnow, with Super Strong BKK Hooks and Heavy Duty Split Rings, Autotune System, 240mm/10 Sinking - Pink Mackerel",MADMACS240-PM,128,6,0.04%,0.11%,166,7,0.04%,0.09%,86.44%,100.00%,9,0,7.03%,0.00%,$509.29,$0.00,8,0
B09RKQGKJM,B07X9WQC1Q,"Nomad Design DTX Minnow with Patented Autotune System - Distressed Baitfish Swimming Action, Hydrospeed Belly Eyelet for Faster Trolling, BKK Diablo 5X Singles 13/0 Hooks, 220 SNK 9, 50ft, Hot Pink",DTX220-S-HP,198,3,0.07%,0.05%,236,3,0.06%,0.04%,49.64%,50.00%,12,0,6.06%,0.00%,$599.28,$0.00,8,0
B084LM6MRV,B084KQFSYM,"Carlisle Magic Angler Kayak Paddle with Polypropylene Blades and Wrapped Fiberglass Shaft, 260cm - Camo",01.2509.4073,335,3,0.11%,0.05%,426,3,0.10%,0.04%,48.18%,100.00%,8,0,2.39%,0.00%,"$1,159.90",$0.00,8,0
B09XVN64BQ,B09XJ8YZD8,"RIO Products Avid Trout Series - Gold, Floating Fly Line for Trout, WF5F",6-19697,730,8,0.25%,0.14%,941,10,0.23%,0.13%,12.37%,40.00%,8,0,1.10%,0.00%,$526.93,$0.00,8,0
B001449E2G,B001449E2G,"Van Staal 6"" Titanium Pliers Kit with Lanyard and Sheath",FP6000-KIT-FBA,690,28,0.23%,0.51%,850,38,0.21%,0.49%,33.76%,68.42%,8,0,1.16%,0.00%,"$2,736.95",$0.00,7,0
B004CGBD86,B004CGBD86,Hobie - Handle Kayak (Molded) - 76050001,76050,169,4,0.06%,0.07%,242,7,0.06%,0.09%,37.60%,42.86%,14,2,8.28%,50.00%,$293.86,$41.98,7,1
B07KSTGLPK,B013VO8CTC,"Redington Behemoth Fly Fishing Reel, Multipurpose Fly Reel for Freshwater and Saltwater, Large Arbor and Adjustable Drag, Gunmetal, 7/8",5-5506R78G,968,20,0.32%,0.36%,"1,209",28,0.29%,0.36%,12.61%,60.00%,7,0,0.72%,0.00%,$857.62,$0.00,7,0
B071K6TLPL,B071K6TLPL,YakAttack Kayak LeverLoc HD Anchor Trolley,AMS-1004,667,12,0.22%,0.22%,881,13,0.21%,0.17%,28.60%,15.38%,7,0,1.05%,0.00%,$314.65,$0.00,7,0
B084L4X7BK,B07X13D9Q7,"Nomad Design Madmacs Offshore High Speed Fishing Lure, Trolling Minnow, with Super Strong BKK Hooks and Heavy Duty Split Rings, Autotune System, 240mm/10 Sinking - Sardine",MADMACS240-SAR,325,7,0.11%,0.13%,379,7,0.09%,0.09%,48.45%,50.00%,7,0,2.15%,0.00%,$387.52,$0.00,7,0
B0844TM8R3,B0844TM8R3,YakAttack 90 Degree MightyMount Adapter,LNL-1007,187,4,0.06%,0.07%,260,4,0.06%,0.05%,13.85%,0.00%,10,0,5.35%,0.00%,$99.50,$0.00,7,0
B084LM6MRV,B084KHDRL4,"Carlisle Magic Angler Kayak Paddle with Polypropylene Blades and Wrapped Fiberglass Shaft, 240cm - First Light",01.2509.4075-FBA,379,4,0.13%,0.07%,518,4,0.13%,0.05%,94.87%,100.00%,7,0,1.85%,0.00%,$784.24,$0.00,7,0
B084LMSJXZ,B084KXM3FV,"Carlisle Paddles Magic Mystic Kayak Paddle with Polypropylene Blades and Aluminum Shaft, 240cm - Photic",01.2509.4062-FBM,132,2,0.04%,0.04%,210,3,0.05%,0.04%,80.83%,0.00%,8,0,6.06%,0.00%,$617.55,$0.00,7,0
B094DSCL6Z,B094DSCL6Z,YakGear 01-9004-LG The Fish Stik - Lime Green,01-9004-LG,883,28,0.30%,0.51%,"1,214",38,0.29%,0.49%,14.83%,5.26%,7,0,0.79%,0.00%,$244.93,$0.00,7,0
B09BK2CDN7,B09BK19J4C,Shimano Inc. Sustain C3000HG FJ,SAC3000HGFJ,650,13,0.22%,0.24%,879,22,0.21%,0.28%,20.93%,54.55%,8,2,1.23%,15.38%,"$2,559.84",$639.96,7,2
B0B32Z7BGH,B0B32Z7BGH,Black Hall Outfitters Replacement Parts Kit Compatible with Old Town Sportsman Autopilot 120 Kayak and Old Town Sportsman Autopilot 136 Kayak,210000033922,542,11,0.18%,0.20%,796,15,0.19%,0.19%,98.24%,100.00%,7,0,1.29%,0.00%,$349.93,$0.00,7,0
B0CKY2PBV2,B0CD9YXX1Y,"Nomad Design Squidtrex Fishing Lure with Patent Pending Technology Vibration Design - TPE Soft Plastic, BKK Assist Hooks, Squid Lure- 150 Vibe 6"" - 4 3/4oz, Pink Tiger",SQDTREX150-PTGR,301,5,0.10%,0.09%,384,6,0.09%,0.08%,21.20%,0.00%,8,0,2.66%,0.00%,$164.38,$0.00,7,0
B019JB7LIO,B000PH6UJI,Shimano Calcutta 400B; Round Freshwater Fishing Reel,CT400B,443,13,0.15%,0.24%,641,30,0.15%,0.39%,45.94%,36.67%,6,0,1.35%,0.00%,"$1,559.94",$0.00,6,0
B084LMGV9P,B001AI69KQ,"Carlisle Paddle Gear Magic Plus Kayak Paddle (Sunrise, 230 cm)",01.2509.3665-FBA,447,5,0.15%,0.09%,623,5,0.15%,0.06%,80.34%,50.00%,6,0,1.34%,0.00%,$749.91,$0.00,6,0
B001NZPX9E,B001NZPX9E,Eastaboga Tackle BogaGrip - 60 lb.,BG260,807,6,0.27%,0.11%,"1,038",8,0.25%,0.10%,9.63%,12.50%,6,0,0.74%,0.00%,"$1,680.99",$0.00,6,0
B00BPWM2KI,B00BPWM2KI,"Carlisle Magic Plus Kayak Paddle with Polypropylene Blades and Wrapped Fiberglass Shaft,Black Cherry, 240cm",01.2509.3910-FBA,107,7,0.04%,0.13%,147,12,0.04%,0.16%,83.67%,58.33%,6,1,5.61%,14.29%,$654.14,$114.07,6,1
B0110HRYV4,B0110HRYV4,"Tsunami Airwave Elite 2pc Saltwater Striper Surf SPINNING Rod 8'8"" TSAWESS-882M",TSAWESS-882M,604,6,0.20%,0.11%,834,8,0.20%,0.10%,37.17%,25.00%,6,0,0.99%,0.00%,"$1,139.64",$0.00,6,0
B07KSTGLPK,B013VO82HO,"Redington Behemoth Fly Fishing Reel, Multipurpose Fly Reel for Freshwater and Saltwater, Large Arbor and Adjustable Drag, Black, 7/8",5-5506R78B,826,18,0.28%,0.33%,"1,017",22,0.25%,0.28%,11.86%,18.75%,6,0,0.73%,0.00%,$764.94,$0.00,6,0
B01N967JUG,B01JH8FHFI,"Daiwa BG5000 BG Saltwater Spinning Reel, 5000, 5.7: 1 Gear Ratio, 6+1 Bearings, 47.40"" Retrieve Rate, 22 lb Max Drag,Black/Gold",BG5000,"6,554",83,2.20%,1.50%,"8,394",122,2.03%,1.58%,2.70%,1.02%,6,0,0.09%,0.00%,$894.99,$0.00,6,0
B01NCP4X7O,B01NCP4X7O,Tsunami Shield 4000 Saltwater Sealed Surf Spinning Reel Braided: 20lb 200yd New,TSSHD4000,297,5,0.10%,0.09%,390,6,0.09%,0.08%,33.59%,16.67%,6,0,2.02%,0.00%,$599.94,$0.00,6,0
B08NBD8J7Z,B07F2L8JZH,"Old Town Solitude Men's Life Jacket (Black, S/M)",01.1332.9010-FBM,173,2,0.06%,0.04%,312,4,0.08%,0.05%,98.62%,100.00%,7,0,4.05%,0.00%,$610.23,$0.00,6,0
B07WDYZCGP,B07WDYZCGP,"SHIMANO Terez TZS72XH Saltwater Spinning Rod, 7'2"". X-Heavy Action",TZS72XH,967,24,0.32%,0.43%,"1,278",38,0.31%,0.49%,21.36%,50.00%,6,0,0.62%,0.00%,"$1,799.90",$0.00,6,0
B084LM6MRV,B084KQFSYL,"Carlisle Paddles Magic Angler Kayak Paddle with Polypropylene Blades and Wrapped Fiberglass Shaft, 240cm - Photic",01.2509.4079-FBM,516,9,0.17%,0.16%,664,11,0.16%,0.14%,93.42%,87.50%,6,0,1.16%,0.00%,$642.63,$0.00,6,0
B08DJ88Y4D,B08DJ9H1HF,Shimano Inc. SARAGOSA SW A 14000XG,SRG14000SWAXG,"2,013",35,0.68%,0.63%,"2,571",39,0.62%,0.50%,12.32%,31.43%,8,2,0.40%,5.71%,"$2,479.92",$619.98,6,1
B09R9B2S2J,B09R9B2S2J,"Old Town Treble Angler Sportsman Personal Flotation Device, One Size, Silver",01.1332.9053,250,1,0.08%,0.02%,336,1,0.08%,0.01%,97.32%,100.00%,6,0,2.40%,0.00%,$569.90,$0.00,6,0
B01N967JUG,B01JH8FHIK,"Daiwa BG4000 BG Saltwater Spinning Reel, 4000, 5.7: 1 Gear Ratio, 6+1 Bearings, 39.90"" Retrieve Rate, 17.60 lb Max Drag, black/gold",BG4000,"6,260",89,2.10%,1.61%,"8,137",117,1.97%,1.51%,0.71%,0.00%,5,0,0.08%,0.00%,$695.00,$0.00,5,0
B07PYCV1VH,B07BRYQ52B,"Old Town Canoes & Kayaks Lure Angler Men's Life Jacket (Gray, XXL/XXXL)",NB-E297-CJEO,537,3,0.18%,0.05%,734,7,0.18%,0.09%,92.88%,100.00%,5,0,0.93%,0.00%,$651.75,$0.00,5,0
B08N9KSDVW,B07FB59RJL,"Old Town Solitude Women's Life Jacket (Silver, S/M)",01.1332.9020-FBM,106,1,0.04%,0.02%,146,1,0.04%,0.01%,86.51%,0.00%,6,0,5.66%,0.00%,$523.87,$0.00,5,0
B07H1TVHT2,B07H1TVHT2,YakAttack LockNLoad Track Base (LNL-1001),LNL-1001,44,1,0.01%,0.02%,65,3,0.02%,0.04%,50.77%,0.00%,6,0,13.64%,0.00%,$71.70,$0.00,5,0
B07QS5164X,B07QS5164X,Tsunami Carbon Shield II TSCSHDII701M Spinning Rod,TSCSHDII701M,840,10,0.28%,0.18%,"1,100",13,0.27%,0.17%,33.00%,30.77%,5,0,0.60%,0.00%,$599.70,$0.00,5,0
B09RKQGKJM,B07XF31VJP,"Nomad Design DTX Minnow with Patented Autotune System - Distressed Baitfish Swimming Action, Hydrospeed Belly Eyelet for Faster Trolling, BKK Diablo 5X Singles 13/0 Hooks, 220 SNK 9, 50ft, Sardine",DTX220-SAR,229,5,0.08%,0.09%,271,6,0.07%,0.08%,60.20%,0.00%,7,0,3.06%,0.00%,$335.30,$0.00,5,0
B081B9QFHX,B081B9QFHX,Universal Mounting Plate (FFP-1007),FFP-1007-U,489,11,0.16%,0.20%,635,14,0.15%,0.18%,0.00%,0.00%,5,0,1.02%,0.00%,$125.00,$0.00,5,0
B083CQ75JY,B083CQ75JY,YakAttack Boomstick Pro Camera Mount (CMS-1003),CMS-1003-U,"2,081",43,0.70%,0.78%,"5,350",68,1.29%,0.88%,0.00%,0.00%,5,0,0.24%,0.00%,$374.75,$0.00,5,0
B084L4X7BK,B084L4YRNS,"Nomad Design Madmacs Offshore High Speed Fishing Lure, Trolling Minnow, with Super Strong BKK Hooks and Heavy Duty Split Rings, Autotune System, 240mm/10 Sinking - Phantom",MADMACS240-PHT,335,5,0.11%,0.09%,411,5,0.10%,0.06%,20.78%,0.00%,5,0,1.49%,0.00%,$257.47,$0.00,5,0
B0869XTNS2,B085JKC34X,Old Town Sportsman PDL 106 Pedal Fishing Kayak (Photic Camo),01.4072.0101,"2,643",41,0.89%,0.74%,"3,525",44,0.85%,0.57%,62.12%,58.82%,5,0,0.19%,0.00%,"$12,999.95",$0.00,5,0
B0869Y5K4K,B085JKC9JM,Old Town Sportsman Salty PDL 120 Pedal Fishing Kayak (Photic Camo),01.4073.0101,"3,093",55,1.04%,0.99%,"3,956",70,0.96%,0.91%,72.85%,72.13%,5,0,0.16%,0.00%,"$12,999.95",$0.00,5,0
B08CY7PVC3,B08667BM1W,Shimano Inc. SPEEDMASTER II 25,SPM25II,837,22,0.28%,0.40%,"1,097",43,0.27%,0.56%,23.55%,30.77%,6,0,0.72%,0.00%,"$2,214.00",$0.00,5,0
B08B54G5SM,B08H4K6CDM,"Redington Run Fly Reel, Lightweight Design for Trout, Freshwater Fishing, Carbon Fiber Drag System, Sand, 7/8 Weight",5-5512R7802,463,7,0.16%,0.13%,549,7,0.13%,0.09%,18.00%,33.33%,5,0,1.08%,0.00%,$581.98,$0.00,5,0
B08B54G5SM,B08KGY9JP7,"Redington Run Fly Reel, Lightweight Design for Trout, Freshwater Fishing, Carbon Fiber Drag System, Sand, 5/6 Weight",5-5512R5602,956,19,0.32%,0.34%,"1,284",28,0.31%,0.36%,12.52%,30.77%,5,0,0.52%,0.00%,$572.40,$0.00,5,0
B08XVX53KH,B08XVX53KH,Shimano Inc. TREVALA XXH CST B,TVC58XXHB,194,1,0.07%,0.02%,281,1,0.07%,0.01%,17.14%,0.00%,6,0,3.09%,0.00%,"$1,139.90",$0.00,5,0
B09BK2FF9W,B09BK2FF9W,SHIMANO SPHEROS SW A 6000HG SPHEROS,SPSW6000HGA,"1,918",33,0.64%,0.60%,"2,550",39,0.62%,0.50%,10.35%,28.21%,5,0,0.26%,0.00%,$774.47,$0.00,5,0
B09XVN64BQ,B09XJ7MD6D,"RIO Products Avid Trout Series - Gold, Floating Fly Line for Trout, WF3F",6-19695,724,6,0.24%,0.11%,918,8,0.22%,0.10%,10.19%,20.00%,5,0,0.69%,0.00%,$327.31,$0.00,5,0
B09XVN64BQ,B09XJ8239C,"RIO Products Avid Trout Series - Gold, Floating Fly Line for Trout, WF6F",6-19698,348,7,0.12%,0.13%,430,10,0.10%,0.13%,7.69%,33.33%,5,1,1.44%,14.29%,$304.48,$54.99,5,1
B09XVN64BQ,B09XJ8MQN6,"RIO Products Avid Trout Series - Gold, Floating Fly Line for Trout, WF4F",6-19696,446,5,0.15%,0.09%,569,5,0.14%,0.06%,14.86%,0.00%,5,0,1.12%,0.00%,$335.54,$0.00,5,0
B004CG9RGQ,B004CG9RGQ,Hobie - Leash Kit - Miragedrive - 74052101,74052101,255,8,0.09%,0.14%,339,11,0.08%,0.14%,25.66%,9.09%,4,0,1.57%,0.00%,$167.96,$0.00,4,0
B00B2VJVFG,B00B2VJVFG,Redington Run Fly Reel 7-8 Weight,5-5512R7804,188,4,0.06%,0.07%,218,4,0.05%,0.05%,74.77%,75.00%,4,0,2.13%,0.00%,$479.96,$0.00,4,0
B019KP9H4K,B019KP9H4K,Van Staal VR150 Bailed Spinning Reel,VR150,"1,151",39,0.39%,0.71%,"1,603",52,0.39%,0.67%,26.78%,32.69%,6,0,0.52%,0.00%,"$3,354.00",$0.00,4,0
B01N9KLQX8,B01N9KLQX8,Tsunami Shield 3000 Saltwater Sealed Spinning Reel,TSSHD3000-SF,472,5,0.16%,0.09%,591,6,0.14%,0.08%,30.80%,50.00%,4,0,0.85%,0.00%,$399.96,$0.00,4,0
B06WWQ59SH,B06WWQ59SH,Shimano Inc. TRANX 400AHG B/C Reel Box,TRX400AHG,"1,208",26,0.41%,0.47%,"1,590",41,0.38%,0.53%,10.94%,12.20%,4,0,0.33%,0.00%,"$1,279.96",$0.00,4,0
B06X9G5RW4,B06X9G5RW4,Shimano Inc. TRANX 301AHG B/C LH Reel Box,TRX301AHG,436,3,0.15%,0.05%,571,3,0.14%,0.04%,24.34%,33.33%,4,0,0.92%,0.00%,"$1,199.92",$0.00,4,0
B074MJKXMT,B075QNP7NG,Cortland Line Ultra Premium Fluorocarbon 30YD Tippet | 6X - 3.9 lb | Clear,645363,91,2,0.03%,0.04%,114,2,0.03%,0.03%,43.33%,0.00%,5,0,5.49%,0.00%,$95.75,$0.00,4,0
B0798W51XJ,B0798W51XJ,Tsunami Trophy Slow Pitch Jigging Conventional 7' Rod 20-50lb TSSPJC-701XH,TSSPJC-701XH,413,12,0.14%,0.22%,617,12,0.15%,0.16%,11.83%,8.33%,4,0,0.97%,0.00%,$479.80,$0.00,4,0
B07B1YY9WV,B07B1YY9WV,Yak Attack Fish Finder Mount with LockNLoad - FFP-1002,FFP-1002-U,"1,271",16,0.43%,0.29%,"1,687",18,0.41%,0.23%,0.00%,0.00%,4,0,0.31%,0.00%,$124.00,$0.00,4,0
B07BKQBNH4,B07BKQBNH4,"Daiwa, Saltist Star Drag Saltwater Casting Reel, Size 15, 6.4:1 Gear Ratio, 5 Bearings, 39.50"" Retrieve Rate, Right Hand,Black,Blue",SALTIST15H,536,9,0.18%,0.16%,699,10,0.17%,0.13%,53.93%,50.00%,4,0,0.75%,0.00%,"$1,077.96",$0.00,4,0
B08NB4RRFQ,B07F2KMBHP,"Old Town Canoes & Kayaks Solitude Men's Life Jacket (Red, L/XL)",01.1332.9014,140,2,0.05%,0.04%,183,3,0.04%,0.04%,91.16%,100.00%,4,0,2.86%,0.00%,$391.28,$0.00,4,0
B084L4X7BK,B07X13DBY6,"Nomad Design Madmacs Offshore High Speed Fishing Lure, Trolling Minnow, with Super Strong BKK Hooks and Heavy Duty Split Rings, Autotune System, 240mm/10 Sinking - Nuclear Coral Trout",MADMACS240-NCT-FBA,376,9,0.13%,0.16%,430,10,0.10%,0.13%,41.04%,40.00%,4,0,1.06%,0.00%,$237.86,$0.00,4,0
B082L4WMP1,B082L4WMP1,Tsunami Carbon Shield II Spinning Rods - TSCSHDII761MH-B,TSCSHDII761MH-B,352,6,0.12%,0.11%,481,6,0.12%,0.08%,53.43%,33.33%,4,0,1.14%,0.00%,$389.82,$0.00,4,0
B084LMSJXZ,B084KNXH59,"Carlisle Paddles Magic Mystic Kayak Paddle with Polypropylene Blades and Aluminum Shaft, 240cm - Sunrise",01.2509.4060,130,3,0.04%,0.05%,177,5,0.04%,0.06%,16.08%,0.00%,4,0,3.08%,0.00%,$379.96,$0.00,4,0
B084LM6MRV,B084KTSY7T,"Carlisle Magic Angler Kayak Paddle with Polypropylene Blades and Wrapped Fiberglass Shaft, 230cm - Camo",01.2509.4070-FBA,296,3,0.10%,0.05%,360,3,0.09%,0.04%,22.40%,0.00%,4,0,1.35%,0.00%,$579.92,$0.00,4,0
B084LMSJXZ,B084KY965J,"Carlisle Paddles Magic Mystic Kayak Paddle with Polypropylene Blades and Aluminum Shaft, 240cm - Seaglass",01.2509.4064-FBM,294,5,0.10%,0.09%,415,5,0.10%,0.06%,90.91%,100.00%,4,0,1.36%,0.00%,$230.35,$0.00,4,0
B084LMSJXZ,B084KY965J,"Carlisle Paddles Magic Mystic Kayak Paddle with Polypropylene Blades and Aluminum Shaft, 240cm - Seaglass",01.2509.4064-FBA,294,5,0.10%,0.09%,415,5,0.10%,0.06%,90.91%,100.00%,4,0,1.36%,0.00%,$252.85,$0.00,4,0
B084LMSJXZ,B084KYW7XB,"Carlisle Paddles Magic Mystic Kayak Paddle with Polypropylene Blades and Aluminum Shaft, 220cm - Photic",01.2509.4032,40,0,0.01%,0.00%,53,0,0.01%,0.00%,92.86%,0.00%,4,0,10.00%,0.00%,$279.59,$0.00,4,0
B084R9LVV2,B084R9LVV2,Shimano Inc. OCEA Jigger 2000NR HG,OCEAJG2000NRHG,"1,203",21,0.40%,0.38%,"1,558",32,0.38%,0.41%,6.42%,21.88%,5,0,0.42%,0.00%,"$2,849.90",$0.00,4,0
B08B2TNS7S,B08B44MMD5,"Rio Premier Gold Fly Line, Easy to Cast Flies from Size 2 to 22, Ultimate All-Around Fly Line with Ultra-Slick Performance, Moss/Gold, 90ft, WF4F",6-19231,213,5,0.07%,0.09%,282,6,0.07%,0.08%,16.67%,0.00%,4,0,1.88%,0.00%,$354.96,$0.00,4,0
B08CY6JMDW,B08CY4FXG3,Shimano Inc. Stella SW 5000HG C,STLSW5000HGC,"1,617",30,0.54%,0.54%,"1,909",35,0.46%,0.45%,8.40%,24.14%,5,0,0.31%,0.00%,"$4,997.97",$0.00,4,0
B09X1Y62JF,B09X29S7LS,Cortland Striped Bass Blitz Fly Line WF9I/F,476301,25,0,0.01%,0.00%,31,0,0.01%,0.00%,38.10%,0.00%,4,0,16.00%,0.00%,$399.76,$0.00,4,0
B0B324KKRR,B0B324KKRR,Black Hall Outfitters Replacement Parts Kit Compatible with Old Town Sportsman Big Water PDL Kayak,210000033920-FBA,169,7,0.06%,0.13%,234,10,0.06%,0.13%,97.86%,100.00%,4,0,2.37%,0.00%,$379.96,$0.00,4,0
B0B8MLHDH6,B0B8MLHDH6,Daiwa SALTIST LW CVNL 4 (4 CRBB) + 1 6.1 : 1,STTLW30HB,214,3,0.07%,0.05%,303,3,0.07%,0.04%,53.14%,66.67%,4,0,1.87%,0.00%,$799.96,$0.00,4,0
B0CKY2PBV2,B0CDB1KY1N,"Nomad Design Squidtrex Fishing Lure with Patent Pending Technology Vibration Design - TPE Soft Plastic, BKK Assist Hooks, Squid Lure- 150 Vibe 6"" - 4 3/4oz, Orange Tiger",SQDTREX150-OTGR,220,9,0.07%,0.16%,273,9,0.07%,0.12%,12.81%,0.00%,5,0,2.27%,0.00%,$101.68,$0.00,4,0
B09T96QMNF,B0CLTZ35RL,Old Town Sportsman BigWater PDL 132 Pedal Fishing Kayak (Steel Camo),01.4074.0109,"1,451",17,0.49%,0.31%,"1,817",18,0.44%,0.23%,97.57%,93.75%,4,0,0.28%,0.00%,"$11,999.96",$0.00,4,0
B0CMDR9QV2,B00030A1NI,"Cortland Line 5WF Fishing Line, Peach",403055,187,1,0.06%,0.02%,244,1,0.06%,0.01%,15.12%,0.00%,3,0,1.60%,0.00%,$194.89,$0.00,3,0
B01M32JL6Q,B001NZK2KO,"Cortland Line WF7I Small Game Fishing Line, Clear/Camo",470392,40,1,0.01%,0.02%,57,1,0.01%,0.01%,59.62%,100.00%,4,0,10.00%,0.00%,$279.76,$0.00,3,0
B084LMGV9P,B005W3CNXC,"Carlisle Magic Plus Kayak Paddle with Polypropylene Blades and Wrapped Fiberglass Shaft, 230cm - Black Cherry",01.2509.3905-FBA,127,5,0.04%,0.09%,162,7,0.04%,0.09%,93.85%,83.33%,3,1,2.36%,20.00%,$374.97,$124.99,3,1
B07KSTGLPK,B00B2VJKBQ,"Redington Behemoth Fly Fishing Reel, Multipurpose Fly Reel for Freshwater and Saltwater, Large Arbor and Adjustable Drag, Bronze, 7/8",5-5506R78Z,606,11,0.20%,0.20%,795,15,0.19%,0.19%,9.33%,45.45%,3,1,0.50%,9.09%,$359.96,$114.99,3,1
B00B2VJS2W,B00B2VJS2W,Redington Run Fly Reel 5-6 Weight,5-5512R5604,294,7,0.10%,0.13%,350,8,0.08%,0.10%,71.43%,87.50%,3,0,1.02%,0.00%,$359.97,$0.00,3,0
B07KSTGLPK,B00B2WMNQO,"Redington Behemoth Fly Fishing Reel, Multipurpose Fly Reel for Freshwater and Saltwater, Large Arbor and Adjustable Drag, Bronze, 11/12",5-5506R1112Z,231,5,0.08%,0.09%,307,6,0.07%,0.08%,23.14%,80.00%,3,0,1.30%,0.00%,$419.97,$0.00,3,0
B00CP2403Y,B00CP2403Y,Hobie Rectangular Bucket,71709002,38,0,0.01%,0.00%,44,0,0.01%,0.00%,27.27%,0.00%,3,0,7.89%,0.00%,$110.97,$0.00,3,0
B0176UC0JA,B0176UC0JA,Maxell Hybrid Conventional Star Drag Jigging Reel HY20-S SILVER,HY20-SG,91,0,0.03%,0.00%,122,0,0.03%,0.00%,63.93%,0.00%,3,0,3.30%,0.00%,"$1,020.00",$0.00,3,0
B01BW6AZ32,B01BW6AZ32,Hobie H-Crate Tie Down Straps 2017 - 72020284,72020284,207,2,0.07%,0.04%,310,2,0.07%,0.03%,33.87%,50.00%,8,0,3.86%,0.00%,$170.92,$0.00,3,0
B01N967JUG,B01JH8FHOO,"Daiwa BG4500 BG Saltwater Spinning Reel, 4500, 5.7: 1 Gear Ratio, 6+1 Bearings, 43.10"" Retrieve Rate, 22 lb Max Drag, Black/gold",BG4500,"4,313",72,1.45%,1.30%,"5,513",92,1.33%,1.19%,0.00%,0.00%,3,0,0.07%,0.00%,$447.99,$0.00,3,0
B074MJKXMT,B074MJ6J9X,Cortland Line Ultra Premium Fluorocarbon 30YD Tippet | 4X - 8.4LB | Clear,645349,68,1,0.02%,0.02%,79,1,0.02%,0.01%,35.29%,0.00%,4,0,5.88%,0.00%,$76.60,$0.00,3,0
B074MJKXMT,B074MJ77PK,Cortland Line Ultra Premium Fluorocarbon 30YD Tippet | 5X - 5.7LB | Clear,645356,100,3,0.03%,0.05%,142,4,0.03%,0.05%,29.57%,0.00%,3,0,3.00%,0.00%,$57.45,$0.00,3,0
B08NBD8J7Z,B07F2L8JZH,"Old Town Solitude Men's Life Jacket (Black, S/M)",01.1332.9010,173,2,0.06%,0.04%,312,4,0.08%,0.05%,98.62%,100.00%,3,0,1.73%,0.00%,$285.89,$0.00,3,0
B08NB4RRFQ,B07F2M2WKK,"Old Town Solitude Men's Life Jacket (Red, S/M)",01.1332.9013,91,1,0.03%,0.02%,122,1,0.03%,0.01%,95.28%,100.00%,4,0,4.40%,0.00%,$362.92,$0.00,3,0
B0BLRQ8CKK,B07M5HTH5N,NRS Chinook OS Fishing Lifejacket (PFD)-Red-L/XL,40071.01.103,853,28,0.29%,0.51%,"1,066",35,0.26%,0.45%,17.05%,7.69%,3,0,0.35%,0.00%,$509.83,$0.00,3,0
B07N7Y7Y3Q,B07N7Y7Y3Q,Tsunami Trophy II TSTIISS-1202H Spinning Surf Rod,TSTIISS-1202H,139,3,0.05%,0.05%,208,4,0.05%,0.05%,54.81%,75.00%,3,0,2.16%,0.00%,$419.85,$0.00,3,0
B07ND4N6GM,B07ND4N6GM,Tsunami TSEVT5000 Evict Spinning Reel 30lb 300yd,TSEVT5000,330,5,0.11%,0.09%,395,6,0.10%,0.08%,21.52%,66.67%,3,0,0.91%,0.00%,$598.98,$0.00,3,0
B07ND5YCMX,B07ND5YCMX,Tsunami TSEVT4000 Evict Spinning Reel 20lb 260yd,TSEVT4000,602,8,0.20%,0.14%,781,10,0.19%,0.13%,26.89%,30.00%,3,0,0.50%,0.00%,$509.90,$0.00,3,0
B07PXBTVZ4,B07PXBTVZ4,Hobie Bimini - Gray,72020521,174,3,0.06%,0.05%,252,6,0.06%,0.08%,79.76%,100.00%,3,0,1.72%,0.00%,$729.00,$0.00,3,0
B07QFC27JK,B07QFC27JK,Tsunami Carbon Shield II TSCSHDII761M Spinning Rod,TSCSHDII761M,554,3,0.19%,0.05%,765,9,0.18%,0.12%,37.12%,22.22%,3,0,0.54%,0.00%,$389.96,$0.00,3,0
B07VCN2W73,B07VCN2W73,Daiwa Fishing Reel Lexa 300 Hd Baitcasting Reel 6 Crbb,LX-HD300HSL-P,884,18,0.30%,0.33%,"1,232",30,0.30%,0.39%,31.36%,30.00%,3,0,0.34%,0.00%,$809.94,$0.00,3,0
B084L4X7BK,B07X2781D3,"Nomad Design Madmacs Offshore High Speed Fishing Lure, Trolling Minnow, with Super Strong BKK Hooks and Heavy Duty Split Rings, Autotune System, 200mm/8 Sinking - Phantom",MADMACS200-PHT-MFN,659,14,0.22%,0.25%,832,15,0.20%,0.19%,15.01%,20.00%,3,0,0.46%,0.00%,$149.82,$0.00,3,0
B082MR8WY4,B07XD33VKK,NRS Clearwater Kayak Lifejacket (PFD)-Blue-XS/M,40007.04.100,120,2,0.04%,0.04%,145,2,0.04%,0.03%,4.67%,0.00%,3,0,2.50%,0.00%,$381.94,$0.00,3,0
B083S8C2GT,B083S8C2GT,YakAttack PanFish Portrait Pro Camera Mount (CMS-1001),CMS-1001-U,"1,127",16,0.38%,0.29%,"1,665",23,0.40%,0.30%,0.00%,0.00%,3,1,0.27%,6.25%,$120.00,$40.00,3,1
B084HNYCTF,B084HNYCTF,"Tsunami Carbon Shield II TSCSHDBCII701XH-B 7' 0"" Rod",TSCSHDBCII701XH-B,356,5,0.12%,0.09%,510,11,0.12%,0.14%,96.27%,90.91%,4,0,1.12%,0.00%,$599.96,$0.00,3,0
B084LMGV9P,B084KHY7F1,"Carlisle Magic Plus Kayak Paddle with Polypropylene Blades and Wrapped Fiberglass Shaft, 230cm - Photic",01.2509.3936-FBA,50,0,0.02%,0.00%,64,0,0.02%,0.00%,58.18%,0.00%,3,0,6.00%,0.00%,$374.97,$0.00,3,0
B084LMSJXZ,B084KN9QNM,"Carlisle Paddles Magic Mystic Kayak Paddle with Polypropylene Blades and Aluminum Shaft, 220cm -Seaglass",01.2509.4034-FBA,101,2,0.03%,0.04%,145,3,0.04%,0.04%,92.23%,100.00%,3,0,2.97%,0.00%,$160.71,$0.00,3,0
B084LMGV9P,B084KQ5KMF,"Carlisle Magic Plus Kayak Paddle with Polypropylene Blades and Wrapped Fiberglass Shaft, 230cm - Seaglass",01.2509.3931-FBM,165,2,0.06%,0.04%,216,2,0.05%,0.03%,44.89%,0.00%,3,0,1.82%,0.00%,$374.95,$0.00,3,0
B0869VKYT2,B085JK7D4M,Old Town Sportsman PDL 120 Pedal Fishing Kayak (Ember Camo),01.4071.0103,"8,254",118,2.77%,2.13%,"12,245",167,2.96%,2.16%,0.00%,0.00%,3,0,0.04%,0.00%,"$8,699.97",$0.00,3,0
B08CY7PVC3,B08666NC74,Shimano Inc. SPEEDMASTER II 20,SPM20II,898,19,0.30%,0.34%,"1,120",24,0.27%,0.31%,18.55%,47.37%,4,0,0.45%,0.00%,"$1,359.76",$0.00,3,0
B08B2TNS7S,B08B43PJ6F,"Rio Premier Gold Fly Line, Easy to Cast Flies from Size 2 to 22, Ultimate All-Around Fly Line with Ultra-Slick Performance, Orange, 90ft, WF6F",6-19244,165,5,0.06%,0.09%,196,5,0.05%,0.06%,10.00%,50.00%,3,1,1.82%,20.00%,$284.92,$84.99,3,1
B08B672CLV,B08B672CLV,Woais Redington Run Fly Reel S20-3/4wt - Burgundy,5-5512R3403,79,3,0.03%,0.05%,93,3,0.02%,0.04%,76.34%,100.00%,3,0,3.80%,0.00%,$359.97,$0.00,3,0
B09M9BNYYH,B09M9BNYYH,Van Staal VR75 Bailed Series Spinning Reel Silver,VR75,779,33,0.26%,0.60%,"1,038",42,0.25%,0.54%,29.96%,35.71%,3,0,0.39%,0.00%,"$1,559.83",$0.00,3,0
B09P8WS671,B09P8WS671,Shimano Inc. Sustain C5000XG FJ,SAC5000XGFJ,735,12,0.25%,0.22%,998,15,0.24%,0.19%,19.24%,33.33%,4,1,0.54%,8.33%,"$1,319.92",$329.98,3,1
B09X1XZTLP,B09X1ZCXLG,Cortland Striped Bass Sink 8 Fly Line WF9S/I,476097,8,1,0.00%,0.02%,16,1,0.00%,0.01%,92.31%,100.00%,3,0,37.50%,0.00%,$299.83,$0.00,3,0
B09X1XZTLP,B09X28SJ37,Cortland Striped Bass Sink 8 Fly Line WF8S/I,476080,15,1,0.01%,0.02%,16,1,0.00%,0.01%,100.00%,0.00%,3,1,20.00%,100.00%,$299.85,$99.95,3,1
B0B8MC1NC9,B0B8LVS764,Daiwa SALTIST LW CVNL Reel 4 (4 CRBB) + 1 6.1 : 1,STTLW20HB,906,17,0.30%,0.31%,"1,351",21,0.33%,0.27%,16.22%,42.86%,3,0,0.33%,0.00%,$597.00,$0.00,3,0
B0B9HT6KGX,B0B9HT6KGX,"Old Town Lure Angler II Men's Life Jacket 2022 (Moss, S/M)",01.1332.9057-stickerless,72,0,0.02%,0.00%,108,0,0.03%,0.00%,99.07%,0.00%,3,0,4.17%,0.00%,$539.97,$0.00,3,0
B0CDQN37WK,B0BG3B6JG7,Van Staal VS X2 Bailess Spinning Reel VS201SX2 Silver Lefty,VS201SX2,312,16,0.10%,0.29%,414,19,0.10%,0.25%,37.28%,22.22%,3,0,0.96%,0.00%,"$2,579.83",$0.00,3,0
B0BYRB9HMK,B0BYRB9HMK,Hobie Mirage Lynx Sit-On-Top Kayak-Dune,27100035,"1,030",26,0.35%,0.47%,"1,267",32,0.31%,0.41%,97.71%,96.88%,3,0,0.29%,0.00%,"$9,897.00",$0.00,3,0
B0CC6CPXQM,B0CC6D5WVH,STRADIC 2500HG FM,ST2500HGFM,670,14,0.22%,0.25%,811,21,0.20%,0.27%,8.31%,0.00%,3,0,0.45%,0.00%,$659.97,$0.00,3,0
B0CKY2PBV2,B0CDJVKGMX,"Nomad Design Squidtrex Fishing Lure with Patent Pending Technology Vibration Design - TPE Soft Plastic, BKK Assist Hooks, Squid Lure- 130 Vibe 5"" - 3 1/4oz, White Glow",SQDTREX130-WTG,358,9,0.12%,0.16%,431,11,0.10%,0.14%,9.92%,14.29%,4,2,1.12%,22.22%,$76.35,$37.98,3,1
B09Z7B5NSZ,B000309IYG,THUNNUS CI4,TU12000CI4,531,1,0.18%,0.02%,652,1,0.16%,0.01%,5.83%,0.00%,2,0,0.38%,0.00%,$639.98,$0.00,2,0
B07DCF1M2Q,B0006781N0,THUNNUS CI4,TU6000CI4,777,8,0.26%,0.14%,873,11,0.21%,0.14%,2.78%,12.50%,2,0,0.26%,0.00%,$599.96,$0.00,2,0
B084LMGV9P,B001AI69KQ,"Carlisle Paddle Gear Magic Plus Kayak Paddle (Sunrise, 230 cm)",01.2509.3665-FBM,447,5,0.15%,0.09%,623,5,0.15%,0.06%,80.34%,50.00%,2,0,0.45%,0.00%,$249.96,$0.00,2,0
B001P9281O,B001P9281O,Tsunami Airwave 9' Surf Rod Med Hvy Action TSAWSS-902MH,TSAWSS-902MH,"1,023",21,0.34%,0.38%,"1,445",24,0.35%,0.31%,47.68%,70.83%,2,0,0.20%,0.00%,$259.90,$0.00,2,0
B002VL1NZW,B002VL1NZW,Shimano TAlICA TAC8 Conventional Fishing Reel,TAC8,"1,043",28,0.35%,0.51%,"1,306",45,0.32%,0.58%,62.02%,84.44%,2,0,0.19%,0.00%,$959.97,$0.00,2,0
B003KUD1NA,B003KUD1NA,"Baker HT Max ""T"" HooKouT",BAK-HT,18,1,0.01%,0.02%,26,1,0.01%,0.01%,19.23%,100.00%,2,0,11.11%,0.00%,$51.96,$0.00,2,0
B08CY6F6Z5,B0047IP1OG,"Shimano Trinidad Conventional Reels, TN14A",TN14A,792,6,0.27%,0.11%,924,7,0.22%,0.09%,6.91%,16.67%,2,0,0.25%,0.00%,"$1,019.96",$0.00,2,0
B004E5AJN0,B004E5AJN0,Tsunami Airwave 10' Surf Rod Xtra Hvy TSAWSS-1002XH New,TSAWSS-1002XH,383,12,0.13%,0.22%,503,14,0.12%,0.18%,47.32%,42.86%,2,0,0.52%,0.00%,$309.90,$0.00,2,0
B005AX9ARQ,B005AX9ARQ,Tsunami Airwave TSAWESS-1002X,TSAWESS-1002XH,7,1,0.00%,0.02%,7,1,0.00%,0.01%,85.71%,100.00%,2,0,28.57%,0.00%,$199.94,$0.00,2,0
B07KSVM3LJ,B00B2VJGOC,"Redington Zero Fly Fishing Reel, Lightweight Design for Trout, Clicker Drag System, Burgundy, 2/3",5-5507R23G,"1,279",16,0.43%,0.29%,"1,705",19,0.41%,0.25%,2.53%,0.00%,2,0,0.16%,0.00%,$219.98,$0.00,2,0
B00FCCVCQC,B00FCCVCQC,Tsunami Airwave Elite Spin Fishing Rod 2 Pc 11' 20-40 Lb TSAWESS-1102H,TSAWESS-1102H,246,2,0.08%,0.04%,381,2,0.09%,0.03%,33.86%,0.00%,2,0,0.81%,0.00%,$459.88,$0.00,2,0
B00G3848EC,B00G3848EC,RAILBLAZA Adjustable Extender,13-4144-11,50,2,0.02%,0.04%,77,5,0.02%,0.06%,63.64%,80.00%,2,0,4.00%,0.00%,$54.00,$0.00,2,0
B084LMGV9P,B00KOLSUR0,"Carlisle Magic Plus Kayak Paddle with Polypropylene Blades and Wrapped Fiberglass Shaft, Black Cherry, 220cm",01.2509.3900-FBA,202,3,0.07%,0.05%,250,5,0.06%,0.06%,92.25%,100.00%,2,0,0.99%,0.00%,$208.45,$0.00,2,0
B07KSTGLPK,B013VO92ZA,"Redington Behemoth Fly Fishing Reel, Multipurpose Fly Reel for Freshwater and Saltwater, Large Arbor and Adjustable Drag, Black, 9/10",5-5506R910B,617,11,0.21%,0.20%,764,12,0.18%,0.16%,3.62%,0.00%,2,0,0.32%,0.00%,$299.97,$0.00,2,0
B018RCRI4I,B018RCRI4I,"RAILBLAZA Black Kayak Cup Holder for Trackmounts with StarPort Compatible Base, Perfect for Mugs, Tumblers Bottles and More",02-4048-11,363,6,0.12%,0.11%,512,8,0.12%,0.10%,6.05%,0.00%,2,0,0.55%,0.00%,$31.98,$0.00,2,0
B01MRYBIFY,B01MRYBIFY,Maxel HYBRID 25 Conventional Star Drag Reel,HY25-SG,208,1,0.07%,0.02%,281,1,0.07%,0.01%,93.95%,100.00%,2,0,0.96%,0.00%,$730.00,$0.00,2,0
B01N1PDNW8,B01N1PE51Z,Cortland Precision Tropic Plus All Purpose Taper Fly Line (WF9F),474925,13,0,0.00%,0.00%,18,0,0.00%,0.00%,81.82%,0.00%,2,0,15.38%,0.00%,$199.88,$0.00,2,0
B01N1PDNW8,B01N4AZUJY,Cortland Precision Tropic Plus All Purpose Taper Fly Line (WF8F),474918,33,0,0.01%,0.00%,40,0,0.01%,0.00%,45.45%,0.00%,2,0,6.06%,0.00%,$199.89,$0.00,2,0
B07KCTP6ZP,B06X9G5RW4,Shimano Inc. TRANX 301AHG B/C LH Reel Box,TRX301AHG,492,7,0.17%,0.13%,642,10,0.16%,0.13%,14.64%,37.50%,2,0,0.41%,0.00%,$599.96,$0.00,2,0
B071W3H27P,B071W3H27P,Daiwa Seaborg SB800MJ Fishing Reel,SB800MJ,365,19,0.12%,0.34%,498,20,0.12%,0.26%,20.08%,10.00%,2,0,0.55%,0.00%,"$3,199.88",$0.00,2,0
B074MJKXMT,B075QN567J,Cortland Ultra Premium Fluorocarbon Tippet 30 yd 2X - 10.9 lb,645325,70,1,0.02%,0.02%,102,2,0.02%,0.03%,10.29%,0.00%,2,0,2.86%,0.00%,$39.98,$0.00,2,0
B08FXWWJQR,B077PNB8LF,Shimano Inc. TIRALEJO SURF SPN 110 MH 2 PC,TRS110MHA,434,3,0.15%,0.05%,553,3,0.13%,0.04%,23.20%,100.00%,2,0,0.46%,0.00%,$659.97,$0.00,2,0
B07D469Y9T,B07D469Y9T,Hobie Livewell Bait Tank V2,72020077,437,14,0.15%,0.25%,567,18,0.14%,0.23%,67.02%,66.67%,2,1,0.46%,7.14%,$910.00,$455.00,2,1
B08NB4RRFQ,B07F2KMBHP,"Old Town Canoes & Kayaks Solitude Men's Life Jacket (Red, L/XL)",01.1332.9014-FBM,140,2,0.05%,0.04%,183,3,0.04%,0.04%,91.16%,100.00%,3,0,2.14%,0.00%,$266.18,$0.00,2,0
B08N9KSDVW,B07F2LGL9N,"Old Town Solitude Women's Life Jacket (Silver, XS)",01.1332.9019-FBA,62,1,0.02%,0.02%,96,1,0.02%,0.01%,78.75%,100.00%,2,0,3.23%,0.00%,$212.22,$0.00,2,0
B08NB4RRFQ,B07F7771X5,"Old Town Canoes & Kayaks Solitude Men's Life Jacket (Red, XXL/XXXL)",01.1332.9015-FBM,102,3,0.03%,0.05%,142,3,0.03%,0.04%,81.36%,100.00%,2,0,1.96%,0.00%,$181.42,$0.00,2,0
B07KSTGLPK,B07FYHTCFY,"Redington Behemoth Fly Fishing Reel, Multipurpose Fly Reel for Freshwater and Saltwater, Large Arbor and Adjustable Drag, O.D. Green, 7/8",5-5506R78R,900,21,0.30%,0.38%,"1,105",26,0.27%,0.34%,3.20%,30.00%,2,0,0.22%,0.00%,$259.98,$0.00,2,0
B07FZ9XV2J,B07FYSQ38L,Redington Grande 7/8/9 Fly Reel - Marine,5-5509R78903,546,12,0.18%,0.22%,668,15,0.16%,0.19%,10.40%,46.15%,2,0,0.37%,0.00%,$659.93,$0.00,2,0
B07N8J2VJN,B07N8J2VJN,Tsunami Trophy Spinning Surf Rods Series II 11' Heavy,TSTIISS-1102H,500,6,0.17%,0.11%,742,7,0.18%,0.09%,43.80%,42.86%,2,0,0.40%,0.00%,$249.88,$0.00,2,0
B07ND5Q3DW,B07ND5Q3DW,Tsunami TSEVT3000 Evict Spinning Reel 15lb 250yd,TSEVT3000,188,1,0.06%,0.02%,260,1,0.06%,0.01%,48.85%,100.00%,5,0,2.66%,0.00%,$845.00,$0.00,2,0
B07NDJR5KQ,B07NDJR5KQ,Tsunami TSEVT2000 Evict Spinning Reel 15lb 250yd,TSEVT2000-SF,290,8,0.10%,0.14%,399,8,0.10%,0.10%,33.83%,37.50%,3,0,1.03%,0.00%,$477.00,$0.00,2,0
B08FYRZCMD,B07X5MB6R9,Shimano Inc. Terez CST 66 XH,TZC66XH,658,7,0.22%,0.13%,782,9,0.19%,0.12%,6.01%,11.11%,2,0,0.30%,0.00%,$599.96,$0.00,2,0
B085NRRT9S,B07ZJRGPDM,NXT Black Label I Reel,TFR NXT BLK I,68,1,0.02%,0.02%,84,1,0.02%,0.01%,24.62%,0.00%,2,0,2.94%,0.00%,$239.88,$0.00,2,0
B07ZJS5GH6,B07ZJS5GH6,Temple Fork BVK Sealed Drag II Super Large Arbor Reel,TFR BVK SD II,145,4,0.05%,0.07%,189,4,0.05%,0.05%,99.47%,100.00%,2,0,1.38%,0.00%,$479.90,$0.00,2,0
B07ZJSCFM8,B07ZJSCFM8,Temple Fork BVK Sealed Drag III+ Super Large Arbor Reel,TFR BVK SD III+,80,1,0.03%,0.02%,104,1,0.03%,0.01%,45.19%,100.00%,2,0,2.50%,0.00%,$519.90,$0.00,2,0
B084HNZLHX,B084HNZLHX,"Tsunami Carbon Shield II TSCSHDBCII701MH-B 7' 0"" Rod",TSCSHDBCII701MH-B,219,7,0.07%,0.13%,367,9,0.09%,0.12%,80.38%,88.89%,2,0,0.91%,0.00%,$299.97,$0.00,2,0
B084LMSJXZ,B084KL92QN,"Carlisle Magic Mystic Kayak Paddle with Polypropylene Blades and Aluminum Shaft, 220cm - Ahi",01.2509.4035-FBA,129,2,0.04%,0.04%,172,2,0.04%,0.03%,84.87%,100.00%,2,0,1.55%,0.00%,$156.79,$0.00,2,0
B084LMSJXZ,B084KS3BPQ,"Carlisle Magic Mystic Kayak Paddle with Polypropylene Blades and Aluminum Shaft, 230cm - Seaglass",01.2509.4094,117,0,0.04%,0.00%,177,0,0.04%,0.00%,21.38%,0.00%,2,0,1.71%,0.00%,$199.98,$0.00,2,0
B084LM6MRV,B084KV6QBF,"Carlisle Magic Angler Kayak Paddle with Polypropylene Blades and Wrapped Fiberglass Shaft, 230cm - Photic",01.2509.4078-FBA,376,1,0.13%,0.02%,464,1,0.11%,0.01%,40.12%,0.00%,2,0,0.53%,0.00%,$289.96,$0.00,2,0
B084RNM86N,B084RNM86N,Shimano Inc. OCEA Jigger 1500HG,OCEAJG1500HG,"1,287",15,0.43%,0.27%,"1,591",17,0.38%,0.22%,2.70%,5.88%,2,0,0.16%,0.00%,"$1,079.96",$0.00,2,0
B0BLFFN4L1,B085J2CP53,Old Town Sportsman AutoPilot 136 Motorized Fishing Kayak with Minn Kota Trolling Motor (Ember Camo),01.4066.0103,"4,621",94,1.55%,1.70%,"6,010",107,1.45%,1.38%,92.78%,84.00%,2,0,0.04%,0.00%,"$9,999.98",$0.00,2,0
B0869XTNS2,B085JJZQ31,Old Town Sportsman PDL 106 Pedal Fishing Kayak (Ember Camo),01.4072.0103,"4,154",53,1.39%,0.96%,"5,376",76,1.30%,0.98%,33.37%,51.72%,2,0,0.05%,0.00%,"$5,199.98",$0.00,2,0
B08B2TNS7S,B08B43DT46,"Rio Premier Gold Fly Line, Easy to Cast Flies from Size 2 to 22, Ultimate All-Around Fly Line with Ultra-Slick Performance, Lumalux, 90ft, WF6F",6-19241,247,8,0.08%,0.14%,304,10,0.07%,0.13%,6.78%,20.00%,2,0,0.81%,0.00%,$199.96,$0.00,2,0
B08B2TNS7S,B08B43Z23K,"Rio Premier Gold Fly Line, Easy to Cast Flies from Size 2 to 22, Ultimate All-Around Fly Line with Ultra-Slick Performance, Melon/Gray Dun, 90ft, WF4F",6-19237,462,7,0.16%,0.13%,559,9,0.14%,0.12%,8.39%,25.00%,2,0,0.43%,0.00%,$199.98,$0.00,2,0
B08B2Q6NBC,B08B448B2D,"Rio Elite Gold Fly Line, Easy to Cast Flies from Size 2 to 22, Ultimate All-Around Fly Line with Ultra-Slick Performance, Moss/Gold/Gray, 90ft, WF5F",6-19269,639,6,0.21%,0.11%,805,13,0.19%,0.17%,0.45%,0.00%,2,0,0.31%,0.00%,$259.97,$0.00,2,0
B08B2Q6NBC,B08B44C6JS,"Rio Elite Gold Fly Line, Easy to Cast Flies from Size 2 to 22, Ultimate All-Around Fly Line with Ultra-Slick Performance, Moss/Gold/Gray, 100ft, WF8F",6-19272,120,5,0.04%,0.09%,146,7,0.04%,0.09%,9.43%,0.00%,2,0,1.67%,0.00%,$249.89,$0.00,2,0
B08B2TNS7S,B08B44K7Z1,"Rio Premier Gold Fly Line, Easy to Cast Flies from Size 2 to 22, Ultimate All-Around Fly Line with Ultra-Slick Performance, Orange, 90ft, WF5F",6-19243,372,6,0.12%,0.11%,446,6,0.11%,0.08%,3.57%,0.00%,2,0,0.54%,0.00%,$199.96,$0.00,2,0
B08B2TNS7S,B08B44MYZZ,"Rio Premier Gold Fly Line, Easy to Cast Flies from Size 2 to 22, Ultimate All-Around Fly Line with Ultra-Slick Performance, Lumalux, 90ft, WF5F",6-19240,801,19,0.27%,0.34%,"1,057",32,0.26%,0.41%,6.75%,68.75%,2,0,0.25%,0.00%,$199.97,$0.00,2,0
B08B2TNS7S,B08B463VRX,"Rio Premier Gold Fly Line, Easy to Cast Flies from Size 2 to 22, Ultimate All-Around Fly Line with Ultra-Slick Performance, Moss/Gold, 90ft, WF6F",6-19233,260,5,0.09%,0.09%,320,5,0.08%,0.06%,7.17%,0.00%,2,0,0.77%,0.00%,$170.41,$0.00,2,0
B08B54G5SM,B08B54RSJ7,"Redington Run Fly Reel, Lightweight Design for Trout, Freshwater Fishing, Carbon Fiber Drag System, Black, 5/6 Weight",5-5512R5601,649,2,0.22%,0.04%,852,2,0.21%,0.03%,7.94%,0.00%,2,0,0.31%,0.00%,$239.98,$0.00,2,0
B08D6XXS4D,B08D6XXS4D,"Daiwa TANACOM DENDOH Style RODS, Sections= 2, Line Wt.= 80-200, Long",TNB56XHF-DDL,183,7,0.06%,0.13%,268,8,0.06%,0.10%,29.85%,25.00%,2,0,1.09%,0.00%,$598.99,$0.00,2,0
B08B54G5SM,B08D7XSP2V,Redington Run Fly Reel 3-4 Weight Black,5-5512R3401,76,4,0.03%,0.07%,112,9,0.03%,0.12%,20.37%,0.00%,2,0,2.63%,0.00%,$216.29,$0.00,2,0
B08DJ88Y4D,B08DJ8DW96,Shimano Inc. SARAGOSA SW A 20000PG,SRG20000SWAPG,"1,714",23,0.58%,0.42%,"1,965",26,0.47%,0.34%,6.79%,21.74%,2,0,0.12%,0.00%,$818.00,$0.00,2,0
B08B54G5SM,B08HSRM53J,"Redington Run Fly Reel, Lightweight Design for Trout, Freshwater Fishing, Carbon Fiber Drag System, Sand, 3/4 Weight",5-5512R3402,722,14,0.24%,0.25%,934,16,0.23%,0.21%,9.16%,7.14%,2,0,0.28%,0.00%,$239.98,$0.00,2,0
B08KYKLYHF,B08KYKLYHF,"RAILBLAZA Transducer Swimg Arm R-Lock Mount for Fish Finder Screens and Marine Electronics, Compatible with Garmin, Lowrance, Humminbird and More",02-4147-11,117,2,0.04%,0.04%,163,2,0.04%,0.03%,23.93%,0.00%,3,0,2.56%,0.00%,$74.97,$0.00,2,0
B0CDHMJ5NL,B08XVVB2TL,Shimano Inc. TREVALA 58 XH CST B,TVC58XHB,971,25,0.33%,0.45%,"1,216",29,0.29%,0.38%,28.42%,34.48%,2,0,0.21%,0.00%,$379.97,$0.00,2,0
B0CDHMJ5NL,B08XW4WPRT,Shimano Inc. TREVALA 66 MH CST B,TVC66MHB,489,5,0.16%,0.09%,684,6,0.17%,0.08%,18.97%,80.00%,2,0,0.41%,0.00%,$379.96,$0.00,2,0
B09BK3M9XK,B08XW5B5K5,Shimano Inc. EXSENCE C3000MHG A,EXSC3000MHGA,426,2,0.14%,0.04%,499,2,0.12%,0.03%,17.23%,50.00%,2,0,0.47%,0.00%,"$1,198.98",$0.00,2,0
B08Y77VSC6,B08Y77VSC6,New Van Staal VR125 Black Bailed Series Spinning Reel,VR125B,151,4,0.05%,0.07%,191,5,0.05%,0.06%,6.28%,0.00%,2,0,1.32%,0.00%,"$1,059.88",$0.00,2,0
B08Y796213,B08Y796213,New Van Staal VR150 Black Bailed Series Spinning Reel,VR150B,581,12,0.20%,0.22%,763,16,0.18%,0.21%,39.84%,50.00%,2,0,0.34%,0.00%,"$1,108.94",$0.00,2,0
B0BFBTT33Z,B092H3Y2JP,"Lamson Cobalt Fast Action Saltwater Fly Fishing Rod, fighitnig Butt, 9 Foot 4-Piece, with Tube 9 WT.",C9WTROD,62,2,0.02%,0.04%,85,4,0.02%,0.05%,92.65%,100.00%,2,0,3.23%,0.00%,$939.97,$0.00,2,0
B09NGPP1V3,B09BK1J29T,SHIMANO SPHEROS SW A 14000XG SPHEROS,SPSW14000XGA,"2,602",39,0.87%,0.71%,"3,551",61,0.86%,0.79%,8.92%,10.17%,2,0,0.08%,0.00%,$368.94,$0.00,2,0
B0CJFZ18N1,B09H3J7951,DIAWA Lexa 400 TWS BAITCASTING Reel - Hyper Speed Power Handle,LX-TW400H-P,226,6,0.08%,0.11%,314,8,0.08%,0.10%,23.88%,14.29%,2,0,0.88%,0.00%,$779.98,$0.00,2,0
B0CL55WS7Z,B09H3MH354,DIAWA SALTIST MQ Spinning Series - Saltwater Reel,SALTISTMQ14000H,306,7,0.10%,0.13%,407,8,0.10%,0.10%,46.69%,40.00%,2,0,0.65%,0.00%,$719.98,$0.00,2,0
B09M9CCB7V,B09M9CCB7V,Van Staal VR75B Bailed Series Spinning Reel Black,VR75B,852,7,0.29%,0.13%,"1,088",7,0.26%,0.09%,18.01%,28.57%,2,0,0.23%,0.00%,"$1,039.88",$0.00,2,0
B09MR8WY6F,B09MR8WY6F,New from Van STAAL-VR51 (Left Handed) BAILED Spinning Reel Silver,VR51,289,13,0.10%,0.24%,397,21,0.10%,0.27%,55.16%,66.67%,2,0,0.69%,0.00%,"$1,038.00",$0.00,2,0
B09MR9CHF3,B09MR9CHF3,New from Van Staal-VR51B (Left Handed) Bailed Spinning Reel Black,VR51B,361,14,0.12%,0.25%,487,18,0.12%,0.23%,18.28%,38.89%,2,1,0.55%,7.14%,"$1,039.88",$519.94,2,1
B09X1XZTLP,B09X28BRFC,Cortland Striped Bass Sink 8 Fly Line WF10S/I,476103,15,0,0.01%,0.00%,19,0,0.00%,0.00%,68.75%,0.00%,2,0,13.33%,0.00%,$199.89,$0.00,2,0
B09X21MJJR,B09X29DCS4,Cortland Striped Bass Floating Fly Line WF10F,476257,11,0,0.00%,0.00%,15,0,0.00%,0.00%,83.33%,0.00%,2,0,18.18%,0.00%,$219.90,$0.00,2,0
B09X21MJJR,B09X29FMXS,Cortland Striped Bass Floating Fly Line WF8F,476233,12,0,0.00%,0.00%,13,0,0.00%,0.00%,81.82%,0.00%,2,0,16.67%,0.00%,$199.89,$0.00,2,0
B09X1Y62JF,B09X2CJZJQ,Cortland Striped Bass Blitz Fly Line WF8I/F,476295,16,0,0.01%,0.00%,24,0,0.01%,0.00%,85.71%,0.00%,2,0,12.50%,0.00%,$199.90,$0.00,2,0
B07KSVM3LJ,B09XFBQNSM,"Redington Zero Fly Fishing Reel, Lightweight Design for Trout, Clicker Drag System, Matte Black, 2/3",5-5507R23NB,"1,090",17,0.37%,0.31%,"1,345",23,0.33%,0.30%,7.64%,28.57%,2,0,0.18%,0.00%,$218.00,$0.00,2,0
B09XVN64BQ,B09XJ7ZGJD,"RIO Products Avid Trout Series - Grand, Floating Fly Line for Trout, Pale Green, WF5F",6-19699,769,9,0.26%,0.16%,991,13,0.24%,0.17%,8.17%,0.00%,2,0,0.26%,0.00%,$129.89,$0.00,2,0
B09XVN64BQ,B09XJ9BH14,"RIO Products Avid Trout Series - Grand, Floating Fly Line for Trout, Pale Green, WF6F",6-19700,256,7,0.09%,0.13%,312,8,0.08%,0.10%,7.87%,0.00%,2,0,0.78%,0.00%,$129.89,$0.00,2,0
B0B2K9Y7WH,B0B2K9Y7WH,RIO Gold Premier Fly Line WF2F Moss/Gold,6-19294,53,0,0.02%,0.00%,60,0,0.01%,0.00%,80.00%,0.00%,2,0,3.77%,0.00%,$199.93,$0.00,2,0
B0B8MFFG2C,B0B8MFFG2C,Daiwa Tanacom 1200 Power Assist Reel | Kite and Deep Drop Fishing,TANACOM1200,"1,753",55,0.59%,0.99%,"2,594",80,0.63%,1.03%,1.00%,1.25%,3,0,0.17%,0.00%,"$2,397.89",$0.00,2,0
B0BLZNWGNT,B0BLZNWGNT,"Cortland Striped Bass Intermediate Fly Line (Ice Blue, WF8I)",476264,19,2,0.01%,0.04%,24,3,0.01%,0.04%,83.33%,100.00%,3,2,15.79%,100.00%,$299.83,$199.88,2,1
B0BNJWSPFV,B0BNJWSPFV,Shimano Inc. TREVALA 58 XXH SPN B,TVS58XXHB,159,1,0.05%,0.02%,243,2,0.06%,0.03%,5.35%,0.00%,2,0,1.26%,0.00%,$379.96,$0.00,2,0
B0CV442LW7,B0BP2VN23C,Simms Freestone Wading Boots for Men - Rugged Rubber Sole Fishing Shoes with Traction Control and Time-Tested Durability - Gunmetal - 10,13403-042-10,946,25,0.32%,0.45%,"1,286",40,0.31%,0.52%,0.00%,0.00%,2,0,0.21%,0.00%,$359.90,$0.00,2,0
B0CL566X1F,B0BTFQNPG8,"Daiwa TATULA MQ Spin Reel, 8 (8BB)+1, 6.2 : 1",TTUMQLT2500D-XH,387,4,0.13%,0.07%,512,5,0.12%,0.06%,54.29%,100.00%,2,0,0.52%,0.00%,$399.98,$0.00,2,0
B0BYFRTQZL,B0BYFRTQZL,"Tsunami Pro Flutter Spoon 11"" - Heavy (7.75oz) Chrome",TSP-FS11SSH775-C,29,0,0.01%,0.00%,37,0,0.01%,0.00%,37.84%,0.00%,2,0,6.90%,0.00%,$53.98,$0.00,2,0
B0BYG31NDJ,B0BYG31NDJ,"Tsunami Pro Flutter Spoon 11"" - Heavy (7.75oz) Chartreuse",TSP-FS11SSH775-CHT,26,1,0.01%,0.02%,31,2,0.01%,0.03%,35.48%,100.00%,2,0,7.69%,0.00%,$53.98,$0.00,2,0
B0CKY2PBV2,B0CD39N84V,"Nomad Design Squidtrex Fishing Lure with Patent Pending Technology Vibration Design - TPE Soft Plastic, BKK Assist Hooks, Squid Lure- 130 Vibe 5"" - 3 1/4oz, Brown Speckel",SQDTREX130-BSPKL,315,6,0.11%,0.11%,400,7,0.10%,0.09%,3.13%,0.00%,2,0,0.63%,0.00%,$37.95,$0.00,2,0
B0CKY2PBV2,B0CDJZ3BV7,"Nomad Design Squidtrex Fishing Lure with Patent Pending Technology Vibration Design - TPE Soft Plastic, BKK Assist Hooks, Squid Lure- 130 Vibe 5"" - 3 1/4oz, Orange Tiger",SQDTREX130-OTGR,205,7,0.07%,0.13%,269,9,0.07%,0.12%,6.73%,0.00%,2,0,0.98%,0.00%,$37.98,$0.00,2,0
B0869XTNS2,B0CLV12DWT,Old Town Sportsman PDL 106 Pedal Fishing Kayak (Marsh Camo),01.4072.0107,939,17,0.32%,0.31%,"1,176",22,0.28%,0.28%,98.48%,90.00%,2,1,0.21%,5.88%,"$5,199.98","$2,599.99",2,1
B0CM9QWPCP,B0CM9QWPCP,"VISSER 6.5 inch Titanium Fishing Pliers with Secure Hold Sheath & Lanyard, Durable replaceable cutters with split ring feature, Made in the USA",VIS 6.5 Ti,80,1,0.03%,0.02%,89,1,0.02%,0.01%,56.18%,0.00%,2,0,2.50%,0.00%,$657.98,$0.00,2,0
B0CVS9W3WF,B0CVSCJHYZ,Tsunami TSSTXIISS872M SaltX II Surf Spinning Rod,TSSTXIISS872M,110,1,0.04%,0.02%,134,1,0.03%,0.01%,30.40%,0.00%,2,0,1.82%,0.00%,$699.98,$0.00,2,0
B0CMDR9QV2,B00030A1N8,"Cortland Line 4WF Fishing Line, Peach",403048,132,1,0.04%,0.02%,158,4,0.04%,0.05%,7.81%,0.00%,1,0,0.76%,0.00%,$64.95,$0.00,1,0
B0CBL8GSSW,B00063RH0C,"Cortland Line 3WF Fishing Line, Peach",403031,108,0,0.04%,0.00%,130,0,0.03%,0.00%,2.70%,0.00%,1,0,0.93%,0.00%,$64.99,$0.00,1,0
B00080XE5K,B00080XE5K,TIAGRA 50 A Long Range 2 SPD,TI50WLRSA,306,8,0.10%,0.14%,371,11,0.09%,0.14%,12.16%,45.45%,1,1,0.33%,12.50%,$769.99,$769.99,1,1
B0CW262PS8,B001443K6M,"Shimano Tiagra 130 A 2 Speed Offshore Multiplier Seafishing Reel, TI130A",TI130A,"1,355",22,0.45%,0.40%,"1,641",26,0.40%,0.34%,17.61%,19.23%,1,0,0.07%,0.00%,"$1,449.00",$0.00,1,0
B001449DRM,B001449DRM,"Van Staal 7"" Titanium Pliers Kit with Lanyard and Sheath",FP7000-KIT,"1,624",37,0.55%,0.67%,"2,054",42,0.50%,0.54%,30.53%,50.00%,1,0,0.06%,0.00%,$379.00,$0.00,1,0
B001AI4HKA,B001AI4HJQ,"Carlisle Paddle Gear Magic Mystic Kayak Paddle with Polypropylene Blades and Aluminum Shaft (Sunrise, 230 cm)",01.2509.4090-FBM,47,0,0.02%,0.00%,65,0,0.02%,0.00%,100.00%,0.00%,1,0,2.13%,0.00%,$114.99,$0.00,1,0
B084LMGV9P,B001AI69KG,"Carlisle Magic Plus Kayak Paddle (Sunrise, 220 cm)",01.2509.3660-FBA,9,0,0.00%,0.00%,9,0,0.00%,0.00%,100.00%,0.00%,2,0,22.22%,0.00%,$249.98,$0.00,1,0
B002WDAOCM,B002WDAOCM,Shimano Inc. TERAMAR NE 70 MH SPN B,TMSE70MHB,116,0,0.04%,0.00%,186,0,0.04%,0.00%,15.59%,0.00%,1,0,0.86%,0.00%,$229.99,$0.00,1,0
B003RX6EAC,B003RX6EAC,Hobie Drift Chute,72020009,92,4,0.03%,0.07%,126,6,0.03%,0.08%,11.90%,0.00%,1,0,1.09%,0.00%,$50.99,$0.00,1,0
B08CY6F6Z5,B0043HQUNC,"Shimano Trinidad Conventional Reels, TN12A",TN12A,783,9,0.26%,0.16%,892,10,0.22%,0.13%,4.34%,0.00%,1,0,0.13%,0.00%,$499.00,$0.00,1,0
B07DCF1M2Q,B0044ZSZOU,THUNNUS CI4,TU8000CI4,625,5,0.21%,0.09%,703,5,0.17%,0.06%,4.70%,0.00%,1,0,0.16%,0.00%,$309.99,$0.00,1,0
B004E5DOU0,B004E5DOU0,Tsunami Airwave 8 Surf Fishing Rod Med Hvy TSAWSS-802MH,TSAWSS-802MH,763,13,0.26%,0.24%,"1,033",15,0.25%,0.19%,11.81%,0.00%,1,0,0.13%,0.00%,$119.99,$0.00,1,0
B0068G4876,B0068G4876,Challenge 50252 Bait Bucket,50252,11,0,0.00%,0.00%,12,0,0.00%,0.00%,8.33%,0.00%,1,0,9.09%,0.00%,$11.99,$0.00,1,0
B0BJ7L78VJ,B007NLQ5RG,"Temple Fork: Signature Series Fly Rod, TF 04 80-2 S",TF 04 80 2 S2,106,3,0.04%,0.05%,123,3,0.03%,0.04%,27.54%,100.00%,1,0,0.94%,0.00%,$159.99,$0.00,1,0
B0BJ7L78VJ,B007NLQIF0,"9 wt. 9'0"" 2 pc. Signature 2 Rod",TF 09 90 2 S2,114,0,0.04%,0.00%,161,0,0.04%,0.00%,48.08%,0.00%,1,0,0.88%,0.00%,$169.95,$0.00,1,0
B08NK865HS,B0094K2YO2,"YakAttack GT90 GearTrac, 12"" Aluminum Kayak Mount Track",GT90-12,690,14,0.23%,0.25%,932,14,0.23%,0.18%,2.48%,0.00%,1,0,0.14%,0.00%,$24.95,$0.00,1,0
B0099GJHGE,B0099GJHGE,YakGear TPC1 Taco Paddle Clip Kit,TPC1,29,0,0.01%,0.00%,30,0,0.01%,0.00%,53.33%,0.00%,1,0,3.45%,0.00%,$13.99,$0.00,1,0
B07KSTGLPK,B00B2VJECG,"Redington Behemoth Fly Fishing Reel, Multipurpose Fly Reel for Freshwater and Saltwater, Large Arbor and Adjustable Drag, Bronze, 4/5",5-5506R45Z,584,17,0.20%,0.31%,666,18,0.16%,0.23%,5.80%,0.00%,1,0,0.17%,0.00%,$129.99,$0.00,1,0
B07KSTGLPK,B00B2VJHZ0,"Redington Behemoth Fly Fishing Reel, Multipurpose Fly Reel for Freshwater and Saltwater, Large Arbor and Adjustable Drag, Bronze, 5/6",5-5506R56Z,369,11,0.12%,0.20%,417,11,0.10%,0.14%,14.24%,75.00%,1,0,0.27%,0.00%,$129.98,$0.00,1,0
B07KSVM3LJ,B00B2VJJBC,"Redington Zero Fly Fishing Reel, Lightweight Design for Trout, Clicker Drag System, Burgundy, 4/5",5-5507R45G,614,10,0.21%,0.18%,722,12,0.17%,0.16%,8.19%,20.00%,1,0,0.16%,0.00%,$109.99,$0.00,1,0
B07KSTGLPK,B00B2WMOA4,"Redington Behemoth Fly Fishing Reel, Multipurpose Fly Reel for Freshwater and Saltwater, Large Arbor and Adjustable Drag, Bronze, 9/10",5-5506R910Z,302,3,0.10%,0.05%,360,3,0.09%,0.04%,9.31%,50.00%,1,0,0.33%,0.00%,$149.98,$0.00,1,0
B00ED386RE,B00ED386RE,Tsunami Airwave Elite Surf Spinning Rod TSAWESS-962M,TSAWESS-962M,237,1,0.08%,0.02%,301,1,0.07%,0.01%,41.53%,0.00%,1,0,0.42%,0.00%,$199.94,$0.00,1,0
B00PCP75ZG,B00PCP75ZG,"Shimano Tiralejo 2-Piece Surf Spinning Fishing Rod, 9'6""ft, Action: Moderate Fast (TRS96MA)",TRS96MA-WET,693,14,0.23%,0.25%,"1,004",18,0.24%,0.23%,0.00%,0.00%,1,0,0.14%,0.00%,$199.99,$0.00,1,0
B00SQ0FUOC,B00SQ0FUOC,Hobie H-Crate,72020088,593,8,0.20%,0.14%,776,13,0.19%,0.17%,0.00%,0.00%,1,0,0.17%,0.00%,$179.00,$0.00,1,0
B07KSTGLPK,B013VO85LC,"Redington Behemoth Fly Fishing Reel, Multipurpose Fly Reel for Freshwater and Saltwater, Large Arbor and Adjustable Drag, Gunmetal, 9/10",5-5506R910G,421,7,0.14%,0.13%,531,8,0.13%,0.10%,9.98%,0.00%,1,0,0.24%,0.00%,$149.99,$0.00,1,0
B07KSTGLPK,B013VO894U,"Redington Behemoth Fly Fishing Reel, Multipurpose Fly Reel for Freshwater and Saltwater, Large Arbor and Adjustable Drag, Black, 5/6",5-5506R56B,666,14,0.22%,0.25%,814,15,0.20%,0.19%,12.71%,42.86%,1,0,0.15%,0.00%,$114.99,$0.00,1,0
B07KSTGLPK,B013VO8KU8,"Redington Behemoth Fly Fishing Reel, Multipurpose Fly Reel for Freshwater and Saltwater, Large Arbor and Adjustable Drag, Gunmetal, 5/6",5-5506R56G,466,13,0.16%,0.24%,539,13,0.13%,0.17%,4.56%,12.50%,1,0,0.21%,0.00%,$129.98,$0.00,1,0
B07KSTGLPK,B013VO8SRS,"Redington Behemoth Fly Fishing Reel, Multipurpose Fly Reel for Freshwater and Saltwater, Large Arbor and Adjustable Drag, Gunmetal, 11/12",5-5506R1112G,281,4,0.09%,0.07%,338,5,0.08%,0.06%,7.19%,33.33%,1,0,0.36%,0.00%,$149.99,$0.00,1,0
B0186EUT8E,B0186EUT8E,"RAILBLAZA Carry, Wash, Store Bag",02-4068-81,11,0,0.00%,0.00%,15,0,0.00%,0.00%,80.00%,0.00%,1,0,9.09%,0.00%,$15.99,$0.00,1,0
B018REHMI8,B018REHMI8,Railblaza CLEATPORT (BLACK),03-4044-11,17,0,0.01%,0.00%,19,0,0.00%,0.00%,100.00%,0.00%,1,0,5.88%,0.00%,$17.99,$0.00,1,0
B019KXLKCO,B019KXLKCO,Van Staal VR200 Bailed Spinning Reel,VR200,425,7,0.14%,0.13%,554,7,0.13%,0.09%,33.57%,57.14%,1,0,0.24%,0.00%,$619.94,$0.00,1,0
B01A02EZTY,B01A02EZTY,Van Staal VR125 Bailed Spinning Reel,VR125,326,8,0.11%,0.14%,437,11,0.11%,0.14%,34.78%,81.82%,1,0,0.31%,0.00%,$529.00,$0.00,1,0
B01AKF9COE,B01AKF9COE,Tsunami Airwave 10' Surf Rod Med Hvy TSAWSS-1002MH New by Tsunami,TSAWSS-1002MH,219,2,0.07%,0.04%,326,3,0.08%,0.04%,93.25%,100.00%,1,0,0.46%,0.00%,$154.94,$0.00,1,0
B01DUXTEEQ,B01DUXTEEQ,"Maxel Hybrid Conventional Star Drag Jigging jig Reel HY20L-SG, LH, Silver",HY-20L-SG,61,3,0.02%,0.05%,76,5,0.02%,0.06%,59.21%,100.00%,1,0,1.64%,0.00%,$364.99,$0.00,1,0
B07X8QQCD2,B01FVBUTNU,Boonedox Native Propel Rudder Blade Upgrade Orange,BDX-RDRO,34,0,0.01%,0.00%,49,0,0.01%,0.00%,91.84%,0.00%,1,0,2.94%,0.00%,$94.95,$0.00,1,0
B0CZSDQ797,B01N1VBQCL,Tsunami Shield 5000 Saltwater Sealed Spinning Reel,TSSHD5000,106,1,0.04%,0.02%,158,1,0.04%,0.01%,65.56%,100.00%,1,0,0.94%,0.00%,$109.99,$0.00,1,0
B01N5UTLD5,B01N5UTLD5,TFO Temple Fork Outfitters Linekurv Stripping Basket,SP LSB,69,5,0.02%,0.09%,118,11,0.03%,0.14%,1.69%,0.00%,1,0,1.45%,0.00%,$99.95,$0.00,1,0
B0CZSDQ797,B01N9KLQX8,Tsunami Shield 3000 Saltwater Sealed Spinning Reel,TSSHD3000-SF,183,1,0.06%,0.02%,224,1,0.05%,0.01%,35.78%,0.00%,1,0,0.55%,0.00%,$99.99,$0.00,1,0
B01NA7H9AI,B01NA7H9AI,Hobie Fold And Stow Kayak Cart - 80047001,80047001,137,4,0.05%,0.07%,164,6,0.04%,0.08%,20.12%,16.67%,2,0,1.46%,0.00%,$510.00,$0.00,1,0
B01N1PDNW8,B01NCJ0G8S,Cortland Precision Tropic Plus All Purpose Taper Fly Line (WF11F),474949,1,0,0.00%,0.00%,1,0,0.00%,0.00%,100.00%,0.00%,1,0,100.00%,0.00%,$99.95,$0.00,1,0
B01N1PDNW8,B01NCJ6ID6,Cortland Precision Tropic Plus All Purpose Taper Fly Line (WF10F),474932,11,0,0.00%,0.00%,12,0,0.00%,0.00%,90.91%,0.00%,1,0,9.09%,0.00%,$99.94,$0.00,1,0
B07117DNV5,B07117DNV5,"NRS Neko Blunt Knife, Green",47310.01.101,88,0,0.03%,0.00%,126,0,0.03%,0.00%,98.41%,0.00%,1,0,1.14%,0.00%,$39.95,$0.00,1,0
B071GLHWRT,B071GLHWRT,YakAttack GTTL90 GearTrac 4in Top Loading Aluminum Track,GTTL90-04,787,15,0.26%,0.27%,"1,143",18,0.28%,0.23%,0.09%,0.00%,2,0,0.25%,0.00%,$29.90,$0.00,1,0
B07572QC2Q,B07572QC2Q,Hobie H-Crate JR for kayak fishing 72020298,72020298,192,4,0.06%,0.07%,275,6,0.07%,0.08%,30.91%,0.00%,1,0,0.52%,0.00%,$169.00,$0.00,1,0
B0BJ7DZL5X,B0757D281L,"Temple Fork Outfitters Fast Action Freshwater Saltwater High Performance Cork Handle 4 Pieces 9'0"" Axiom II Fly Fishing Rod with Case, 9 wt. 9'0""",TF 09 90 4 A2,32,2,0.01%,0.04%,48,2,0.01%,0.03%,97.73%,100.00%,1,0,3.13%,0.00%,$247.59,$0.00,1,0
B0BJ7DZL5X,B0757DJ3BL,"Temple Fork Outfitters Fast Action Freshwater Saltwater High Performance Cork Handle 4 Pieces 9'0"" Axiom II Fly Fishing Rod with Case, 10 wt. 9'0""",TF 10 90 4 A2,37,0,0.01%,0.00%,48,0,0.01%,0.00%,21.21%,0.00%,1,0,2.70%,0.00%,$339.95,$0.00,1,0
B07857PLTD,B076G3CQKH,"Backwater 06-0016 Assassin Full Paddle Carbon Hybrid - 90.5"" to 94.5"" Length, Black",06-0016,376,3,0.13%,0.05%,543,6,0.13%,0.08%,12.89%,0.00%,1,0,0.27%,0.00%,$159.99,$0.00,1,0
B0773PTJPN,B0773PTJPN,*Seaborg Fishing Reel,SB1200MJ,"3,119",64,1.05%,1.16%,"3,739",90,0.90%,1.16%,2.54%,6.67%,1,0,0.03%,0.00%,"$1,699.00",$0.00,1,0
B077H37XZK,B077H37XZK,Shimano Inc. TIRALEJO SURF SPN 100 MH 2 PC,TRS100MHA-WET,257,1,0.09%,0.02%,315,1,0.08%,0.01%,0.00%,0.00%,1,0,0.39%,0.00%,$199.99,$0.00,1,0
B079V8GK5X,B079V3BP91,Cortland Competition Fast Intermediate Fly Line (WF7/8FI),466784,31,0,0.01%,0.00%,37,0,0.01%,0.00%,97.30%,0.00%,1,0,3.23%,0.00%,$65.95,$0.00,1,0
B01N1PDNW8,B079VNSRSD,Cortland Precision Tropic Plus All Purpose Taper Fly Line (WF7F),475540,14,0,0.00%,0.00%,18,0,0.00%,0.00%,72.73%,0.00%,1,0,7.14%,0.00%,$99.94,$0.00,1,0
B07KSTGLPK,B07BSR399V,"Redington Behemoth Fly Fishing Reel, Multipurpose Fly Reel for Freshwater and Saltwater, Large Arbor and Adjustable Drag, Black. 4/5",5-5506R45B,394,9,0.13%,0.16%,450,9,0.11%,0.12%,9.09%,42.86%,1,0,0.25%,0.00%,$129.99,$0.00,1,0
B08NBF3FPQ,B07F2JR6B5,"Old Town Solitude Women's Life Jacket (Grape, XS)",01.1332.9016,83,1,0.03%,0.02%,132,2,0.03%,0.03%,100.00%,100.00%,1,0,1.20%,0.00%,$110.99,$0.00,1,0
B08N9KSDVW,B07FJLDMS6,"Old Town Solitude Women's Life Jacket (Silver, L/XL)",01.1332.9021-FBM,7,0,0.00%,0.00%,13,0,0.00%,0.00%,91.67%,0.00%,1,0,14.29%,0.00%,$102.28,$0.00,1,0
B07FZ9XV2J,B07FYFW8Y3,Redington Grande 7/8/9 Fly Reel - Black,5-5509R78901,298,10,0.10%,0.18%,368,13,0.09%,0.17%,21.22%,55.56%,1,0,0.34%,0.00%,$329.99,$0.00,1,0
B07FZ9XV2J,B07FYHP8Y2,Redington Grande 9/10/11 Fly Reel - Champagne,5-5509R9102102,196,2,0.07%,0.04%,251,2,0.06%,0.03%,7.84%,100.00%,1,0,0.51%,0.00%,$379.98,$0.00,1,0
B07KSTGLPK,B07FYHP8Y8,"Redington Behemoth Fly Fishing Reel, Multipurpose Fly Reel for Freshwater and Saltwater, Large Arbor and Adjustable Drag, O.D. Green, 9/10",5-5506R910R,328,6,0.11%,0.11%,381,7,0.09%,0.09%,10.79%,100.00%,1,0,0.30%,0.00%,$149.99,$0.00,1,0
B07FZ9XV2J,B07FYHTCFM,Redington Grande 9/10/11 Fly Reel - Black,5-5509R9101101,124,1,0.04%,0.02%,143,3,0.03%,0.04%,3.70%,100.00%,1,0,0.81%,0.00%,$364.99,$0.00,1,0
B07FZ9XV2J,B07FYHTDFQ,Redington Grande 7/8/9 Fly Reel - Champagne,5-5509R78902,531,14,0.18%,0.25%,670,19,0.16%,0.25%,8.32%,43.75%,1,0,0.19%,0.00%,$329.99,$0.00,1,0
B07KSTGLPK,B07FYNQKXL,"Redington Behemoth Fly Fishing Reel, Multipurpose Fly Reel for Freshwater and Saltwater, Large Arbor and Adjustable Drag, O.D. Green, 11/12",5-5506R1112R,146,1,0.05%,0.02%,172,1,0.04%,0.01%,19.70%,0.00%,1,0,0.68%,0.00%,$149.99,$0.00,1,0
B07FZ9XV2J,B07FYR1763,Redington Grande 14+ Fly Reel - Black,5-5509R1401,109,2,0.04%,0.04%,137,2,0.03%,0.03%,10.00%,0.00%,1,0,0.92%,0.00%,$379.98,$0.00,1,0
B07KSTGLPK,B07FYR2QXP,"Redington Behemoth Fly Fishing Reel, Multipurpose Fly Reel for Freshwater and Saltwater, Large Arbor and Adjustable Drag, O.D. Green, 4/5",5-5506R45R,662,17,0.22%,0.31%,764,18,0.18%,0.23%,9.24%,50.00%,1,0,0.15%,0.00%,$126.03,$0.00,1,0
B07FZ9XV2J,B07FYS5385,Redington Grande 14+ Fly Reel - Marine,5-5509R1403,127,5,0.04%,0.09%,179,6,0.04%,0.08%,4.40%,20.00%,1,0,0.79%,0.00%,$379.99,$0.00,1,0
B07KSTGLPK,B07FYWY9DP,"Redington Behemoth Fly Fishing Reel, Multipurpose Fly Reel for Freshwater and Saltwater, Large Arbor and Adjustable Drag, O.D. Green, 5/6",5-5506R56R,505,10,0.17%,0.18%,599,10,0.14%,0.13%,2.56%,0.00%,1,0,0.20%,0.00%,$129.98,$0.00,1,0
B07H1DZLPD,B07H1DZLPD,Daiwa Rod-Harrier Jigging Series,HRJ64HB,116,0,0.04%,0.00%,163,0,0.04%,0.00%,39.26%,0.00%,1,0,0.86%,0.00%,$99.78,$0.00,1,0
B07H1N96P7,B07H1N96P7,Daiwa Rod-Harrier Jigging Series,HRJ64MHB,120,1,0.04%,0.02%,157,2,0.04%,0.03%,99.36%,100.00%,1,0,0.83%,0.00%,$99.99,$0.00,1,0
B07JX9DKS3,B07J21H64T,"Lamiglas - Black B7030C | 7' 1 PC. Black Inshore Saltwater Fishing Rod, Medium/Heavy Power, Inshore Saltwater Casting Rod",B7030C,281,15,0.09%,0.27%,394,27,0.10%,0.35%,95.55%,100.00%,1,0,0.36%,0.00%,$169.99,$0.00,1,0
B07J9PP131,B07J9PP131,"YakAttack MightyMount II, Includes Mounting Hardware",MMH2,100,0,0.03%,0.00%,119,0,0.03%,0.00%,0.00%,0.00%,1,0,1.00%,0.00%,$11.95,$0.00,1,0
B07LFJQDQM,B07LFJQDQM,Accurate Valiant 500 Series Conventional Reel,BV-500L-SBL,135,3,0.05%,0.05%,194,5,0.05%,0.06%,95.36%,100.00%,1,0,0.74%,0.00%,$499.95,$0.00,1,0
B07N8HBSQK,B07N8HBSQK,Tsunami Trophy Spinning Surf Rods Series II 11' Extra Heavy,TSTIISS-1102XH,189,2,0.06%,0.04%,258,3,0.06%,0.04%,47.29%,100.00%,2,0,1.06%,0.00%,$279.90,$0.00,1,0
B07QGDNB3Y,B07QGDNB3Y,Tsunami Carbon Shield II TSCSHDII701MH Spinning Rod,TSCSHDII701MH,414,5,0.14%,0.09%,567,6,0.14%,0.08%,25.22%,33.33%,1,0,0.24%,0.00%,$119.94,$0.00,1,0
B07R9ZBY3L,B07R9ZBY3L,"RAILBLAZA Universal Fish Finder Mount, R Lock Rectangular Base for Kayak and Canoe Fishing Boats, Compatible with Garmin, Lowrance, Humminbird and More",02-4141-11,622,8,0.21%,0.14%,944,17,0.23%,0.22%,0.64%,0.00%,1,0,0.16%,0.00%,$39.99,$0.00,1,0
B07SBGN7X5,B07SBGN7X5,G. Loomis IMX-PRO 844S MF,IMX-PRO 844S MF,60,1,0.02%,0.02%,75,1,0.02%,0.01%,78.67%,100.00%,1,0,1.67%,0.00%,$420.00,$0.00,1,0
B07SHTT11Y,B07SHTT11Y,Hobie Fish Bag Cooler XL,72020118,85,5,0.03%,0.09%,110,5,0.03%,0.06%,21.82%,20.00%,1,0,1.18%,0.00%,$318.00,$0.00,1,0
B07SHTT1M4,B07SHTT1M4,Hobie Cradle Set Outback 2019,72020427,92,2,0.03%,0.04%,128,4,0.03%,0.05%,29.69%,0.00%,1,0,1.09%,0.00%,$310.00,$0.00,1,0
B07WHDS4Y7,B07WHDS4Y7,"Kayak Rectangular Hobie Twist N Seal Hatch Kit #71707003 Hatch, Gasket, Hardware",71707003,17,0,0.01%,0.00%,22,0,0.01%,0.00%,31.82%,0.00%,1,0,5.88%,0.00%,$169.00,$0.00,1,0
B07YXF5WG1,B07WK44ZXD,Shimano Inc. Stella SW 8000HG,STLSW8000HGC,"1,716",37,0.58%,0.67%,"2,192",46,0.53%,0.60%,2.60%,2.17%,1,0,0.06%,0.00%,"$1,099.99",$0.00,1,0
B08FYQYWWM,B07WSS9FNZ,Shimano Inc. Terez SPN 72 H,TZS72H,325,0,0.11%,0.00%,400,0,0.10%,0.00%,1.83%,0.00%,1,0,0.31%,0.00%,$299.98,$0.00,1,0
B0CFRKR3YR,B07WVFCZD7,Waterworks-Lamson Remix Fly Fishing Reel,RX-9+REEL-SMOKE,526,12,0.18%,0.22%,712,20,0.17%,0.26%,33.75%,50.00%,1,0,0.19%,0.00%,$239.99,$0.00,1,0
B0B2ZRWC44,B07WVZZFNP,Terez SPN 69 H,TZS69H,466,1,0.16%,0.02%,574,1,0.14%,0.01%,6.97%,0.00%,1,0,0.21%,0.00%,$299.99,$0.00,1,0
B07WW7TZ14,B07WW7TZ14,Grappler Type SLW J 68 M CST,GRPSJC68M,406,5,0.14%,0.09%,496,6,0.12%,0.08%,21.37%,66.67%,1,0,0.25%,0.00%,$289.98,$0.00,1,0
B084L4X7BK,B07X13BV65,"Nomad Design Madmacs Offshore High Speed Fishing Lure, Trolling Minnow, with Super Strong BKK Hooks and Heavy Duty Split Rings, Autotune System, 200mm/8 Sinking - Silver Green Mackerel",MADMACS200-SGM-MFN,564,15,0.19%,0.27%,646,19,0.16%,0.25%,70.69%,75.00%,1,0,0.18%,0.00%,$43.44,$0.00,1,0
B084L4X7BK,B07X13DBY6,"Nomad Design Madmacs Offshore High Speed Fishing Lure, Trolling Minnow, with Super Strong BKK Hooks and Heavy Duty Split Rings, Autotune System, 240mm/10 Sinking - Nuclear Coral Trout",MADMACS240-NCT-WET,376,9,0.13%,0.16%,430,10,0.10%,0.13%,41.04%,40.00%,1,0,0.27%,0.00%,$49.95,$0.00,1,0
B084L4X7BK,B07X13DBY6,"Nomad Design Madmacs Offshore High Speed Fishing Lure, Trolling Minnow, with Super Strong BKK Hooks and Heavy Duty Split Rings, Autotune System, 240mm/10 Sinking - Nuclear Coral Trout",MADMACS240-NCT,376,9,0.13%,0.16%,430,10,0.10%,0.13%,41.04%,40.00%,1,0,0.27%,0.00%,$59.44,$0.00,1,0
B084L4X7BK,B07X2781D3,"Nomad Design Madmacs Offshore High Speed Fishing Lure, Trolling Minnow, with Super Strong BKK Hooks and Heavy Duty Split Rings, Autotune System, 200mm/8 Sinking - Phantom",MADMACS200-PHT-FBA,659,14,0.22%,0.25%,832,15,0.20%,0.19%,15.01%,20.00%,1,0,0.15%,0.00%,$49.99,$0.00,1,0
B07X49ZYBL,B07X49ZYBL,"Nomad Design Madmacs - 200mm/8 Sinking High Speed - BKK Hooks - Trolling, Minnow, Pink Mackerel",MADMACS200-PM-MFN,4,0,0.00%,0.00%,6,0,0.00%,0.00%,100.00%,0.00%,1,0,25.00%,0.00%,$49.99,$0.00,1,0
B08FYRZCMD,B07X6JD79G,Shimano Inc. Terez CST 70 MH,TZC70MH,253,2,0.08%,0.04%,322,2,0.08%,0.03%,8.89%,100.00%,1,0,0.40%,0.00%,$299.99,$0.00,1,0
B09RKQGKJM,B07XCZMNHC,"Nomad Design DTX Minnow with Patented Autotune System - Distressed Baitfish Swimming Action, Hydrospeed Belly Eyelet for Faster Trolling, BKK Diablo 5X Singles 13/0 Hooks, 220 SNK 9, 50ft, Gold Glow",DTX220-S-GG,48,2,0.02%,0.04%,57,4,0.01%,0.05%,33.33%,0.00%,1,0,2.08%,0.00%,$49.94,$0.00,1,0
B08CY6JMDW,B07XKC414M,Shimano Inc. Stella SW 14000XG,STLSW14000XGC,"2,190",50,0.74%,0.90%,"2,650",68,0.64%,0.88%,3.17%,3.70%,1,0,0.05%,0.00%,"$1,099.98",$0.00,1,0
B08FYRZCMD,B07XKWK28S,Shimano Inc. Terez CST 66H,TZC66H,527,1,0.18%,0.02%,618,1,0.15%,0.01%,3.97%,0.00%,1,0,0.19%,0.00%,$299.98,$0.00,1,0
B07YCSGJ7N,B07YCS24LV,"Waterworks-Lamson Guru S Fly Fishing Spool, 9+(8-10 Wt. Lines), Arctic",GS-9+SPOOL-ARCTIC,5,0,0.00%,0.00%,7,0,0.00%,0.00%,100.00%,0.00%,1,0,20.00%,0.00%,$189.99,$0.00,1,0
B07YCSGJ7N,B07YCSSTFP,"Waterworks-Lamson Guru S Fly Fishing Spool 7+(6-8 Wt. Lines), Arctic",GS-7+SPOOL-ARCTIC,25,0,0.01%,0.00%,30,0,0.01%,0.00%,0.00%,0.00%,1,0,4.00%,0.00%,$179.99,$0.00,1,0
B07YCTG53Y,B07YCTG53Y,"Trout Series - Long Belly Distance Fly Line (Orange/White, WF7F)",476059,15,1,0.01%,0.02%,19,1,0.00%,0.01%,94.74%,100.00%,1,0,6.67%,0.00%,$89.95,$0.00,1,0
B07YYNB94J,B07YYNB94J,"RAILBLAZA StowPod Cup Holder Storage Caddy for Boats, Perfect for Holding Beverages, Tumblers, Phones, Binoculars and More",02-4040-11,"1,177",30,0.40%,0.54%,"1,643",47,0.40%,0.61%,0.00%,0.00%,1,0,0.08%,0.00%,$27.00,$0.00,1,0
B07ZS1HQ15,B07ZS1HQ15,Hobie H-Rail Mini Bin with Built-in Retractor,84623004,10,1,0.00%,0.02%,15,1,0.00%,0.01%,26.67%,100.00%,1,0,10.00%,0.00%,$57.99,$0.00,1,0
B081S8J4YT,B081S8J4YT,Tsunami Salt X Surf TSSTXSS962M Spinning Rod,TSSTXSS962M,231,5,0.08%,0.09%,326,6,0.08%,0.08%,49.69%,33.33%,1,0,0.43%,0.00%,$199.94,$0.00,1,0
B081TJCNPQ,B081TJCNPQ,Tsunami Carbon Shield II TSCSHDII701MH-B Spinning Rod,TSCSHDII701MH-B,167,4,0.06%,0.07%,224,4,0.05%,0.05%,42.41%,75.00%,1,0,0.60%,0.00%,$119.94,$0.00,1,0
B0CMD6CW7K,B0831T144L,"10 wt. 9'0"" 4 pc. Axiom 2-X Rod",TF 10 90 4 A2-X,54,0,0.02%,0.00%,64,0,0.02%,0.00%,29.17%,0.00%,1,0,1.85%,0.00%,$429.95,$0.00,1,0
B0CMD6CW7K,B0831TN4ZD,"11 wt. 9'0"" 4 pc. Axiom 2-X Rod",TF 11 90 4 A2-X,21,0,0.01%,0.00%,24,0,0.01%,0.00%,71.43%,0.00%,1,0,4.76%,0.00%,$429.95,$0.00,1,0
B0831V38LQ,B0831V38LQ,"Axiom 2-X Rod w/Case, 12 wt. 9'0"" 4 pc.",TF 12 90 4 A2-X,46,1,0.02%,0.02%,55,1,0.01%,0.01%,50.91%,100.00%,1,0,2.17%,0.00%,$429.99,$0.00,1,0
B0839LSX39,B0839LSX39,Van Staal VR50 Spinning Reel Black - VR50B,VR50B,734,16,0.25%,0.29%,984,25,0.24%,0.32%,6.10%,44.00%,1,0,0.14%,0.00%,$519.94,$0.00,1,0
B083FVPS6L,B083FVPS6L,YakAttack PanFish Pro™ Camera Mount (CMS-1002),CMS-1002-U,"2,306",47,0.77%,0.85%,"6,055",142,1.46%,1.84%,0.00%,0.00%,1,0,0.04%,0.00%,$74.95,$0.00,1,0
B084HNWX7X,B084HNWX7X,Tsunami Carbon Shield II Boat Spinning Rod TSCSHDBSII701H-B,TSCSHDBSII701M-B,21,4,0.01%,0.07%,25,5,0.01%,0.06%,92.00%,60.00%,2,0,9.52%,0.00%,$339.98,$0.00,1,0
B084LMSJXZ,B084KGJ5K3,"Carlisle Paddles Magic Mystic Kayak Paddle with Polypropylene Blades and Aluminum Shaft, 220cm -Sunrise",01.2509.4030-FBA,117,1,0.04%,0.02%,168,1,0.04%,0.01%,66.12%,0.00%,1,0,0.85%,0.00%,$89.98,$0.00,1,0
B084LM6MRV,B084KGJJG2,"Carlisle Magic Angler Kayak Paddle with Polypropylene Blades and Wrapped Fiberglass Shaft, 240cm - Camo",01.2509.4071-FBM,270,4,0.09%,0.07%,330,4,0.08%,0.05%,0.00%,0.00%,1,0,0.37%,0.00%,$144.99,$0.00,1,0
B084LMGV9P,B084KLMK47,"Carlisle Magic Plus Kayak Paddle with Polypropylene Blades and Wrapped Fiberglass Shaft, 220cm - Photic",01.2509.3935-FBA,153,1,0.05%,0.02%,197,1,0.05%,0.01%,82.05%,0.00%,1,0,0.65%,0.00%,$124.98,$0.00,1,0
B084LMGV9P,B084KLYC6B,"Carlisle Magic Plus Kayak Paddle with Polypropylene Blades and Wrapped Fiberglass Shaft, 240cm - Ahi",01.2509.3922-FBM,229,6,0.08%,0.11%,277,7,0.07%,0.09%,40.44%,16.67%,4,4,1.75%,66.67%,$499.92,$499.92,1,1
B084LMGV9P,B084KNXH5H,"Carlisle Magic Plus Kayak Paddle with Polypropylene Blades and Wrapped Fiberglass Shaft, 220cm - Ahi",01.2509.3920-FBA,226,2,0.08%,0.04%,280,2,0.07%,0.03%,85.44%,100.00%,1,0,0.44%,0.00%,$124.99,$0.00,1,0
B084LMSJXZ,B084KQFSXR,"Carlisle Paddles Magic Mystic Kayak Paddle with Polypropylene Blades and Aluminum Shaft, 220cm - Black Cherry",01.2509.4031,74,2,0.02%,0.04%,99,3,0.02%,0.04%,75.38%,0.00%,1,0,1.35%,0.00%,$95.78,$0.00,1,0
B084LM6MRV,B084KQFSYM,"Carlisle Magic Angler Kayak Paddle with Polypropylene Blades and Wrapped Fiberglass Shaft, 260cm - Camo",01.2509.4073-FBM,335,3,0.11%,0.05%,426,3,0.10%,0.04%,48.18%,100.00%,1,0,0.30%,0.00%,$144.98,$0.00,1,0
B084LMSJXZ,B084KS3BPS,"Carlisle Magic Mystic Kayak Paddle with Polypropylene Blades and Aluminum Shaft, 240cm - Black Cherry",01.2509.4061,86,2,0.03%,0.04%,114,2,0.03%,0.03%,93.14%,0.00%,1,0,1.16%,0.00%,$78.36,$0.00,1,0
B084LM6MRV,B084KV7Q5R,"Carlisle Magic Angler Kayak Paddle with Polypropylene Blades and Wrapped Fiberglass Shaft, 230cm - First Light",01.2509.4074-FBA,280,1,0.09%,0.02%,352,1,0.09%,0.01%,28.00%,0.00%,1,0,0.36%,0.00%,$144.98,$0.00,1,0
B084LMSJXZ,B084KXM3FV,"Carlisle Paddles Magic Mystic Kayak Paddle with Polypropylene Blades and Aluminum Shaft, 240cm - Photic",01.2509.4062,132,2,0.04%,0.04%,210,3,0.05%,0.04%,80.83%,0.00%,1,0,0.76%,0.00%,$87.29,$0.00,1,0
B0D1DR3RL8,B085J1C25H,Old Town Sportsman AutoPilot 120 Motorized Fishing Kayak with Minn Kota Trolling Motor (Ember Camo),01.4065.0103,672,11,0.23%,0.20%,892,12,0.22%,0.16%,96.78%,100.00%,1,0,0.15%,0.00%,"$4,499.99",$0.00,1,0
B0869XTVXQ,B085J29JG1,Old Town Sportsman 106 Powered by Minn Kota Motorized Fishing Kayak (Ember Camo),01.4064.0103,"8,828",148,2.96%,2.68%,"11,251",199,2.72%,2.57%,15.30%,17.30%,1,0,0.01%,0.00%,"$3,499.99",$0.00,1,0
B0869Y5K4K,B085JKB187,Old Town Sportsman Salty PDL 120 Pedal Fishing Kayak (Ember Camo),01.4073.0103,"5,358",88,1.80%,1.59%,"7,122",107,1.72%,1.38%,96.99%,95.05%,1,0,0.02%,0.00%,"$2,599.99",$0.00,1,0
B0869VKYT2,B085JKC34J,Old Town Sportsman PDL 120 Pedal Fishing Kayak (Photic Camo),01.4071.0101,"1,382",32,0.46%,0.58%,"1,805",39,0.44%,0.50%,39.33%,39.29%,1,0,0.07%,0.00%,"$2,899.99",$0.00,1,0
B09T96QMNF,B085JQXWCM,Old Town Sportsman BigWater PDL 132 Pedal Fishing Kayak (Ember Camo),01.4074.0103,"1,782",23,0.60%,0.42%,"2,446",30,0.59%,0.39%,68.30%,78.26%,1,0,0.06%,0.00%,"$2,999.99",$0.00,1,0
B09T96QMNF,B085K32J4R,Old Town Sportsman BigWater PDL 132 Pedal Fishing Kayak (Photic Camo),01.4074.0101,"1,181",13,0.40%,0.24%,"1,569",14,0.38%,0.18%,90.58%,88.89%,1,0,0.08%,0.00%,"$2,999.99",$0.00,1,0
B0CN1ZK4YS,B085MN55D9,Daiwa Fishing Reel Lexa Type-Wn Reel 6Bb (2Crbb 4Bb),LX-WN400HSL-P,37,0,0.01%,0.00%,52,0,0.01%,0.00%,82.22%,0.00%,1,0,2.70%,0.00%,$249.00,$0.00,1,0
B08B2TNS7S,B08B42PYGR,"Rio Premier Gold Fly Line, Easy to Cast Flies from Size 2 to 22, Ultimate All-Around Fly Line with Ultra-Slick Performance, Moss/Gold, 80ft, WF3F",6-19230,563,11,0.19%,0.20%,715,12,0.17%,0.16%,25.38%,25.00%,1,0,0.18%,0.00%,$84.99,$0.00,1,0
B08B2Q6NBC,B08B42QM65,"Rio Elite Gold Fly Line, Easy to Cast Flies from Size 2 to 22, Ultimate All-Around Fly Line with Ultra-Slick Performance, Moss/Gold/Gray, 90ft, WF6F",6-19270,227,8,0.08%,0.14%,284,11,0.07%,0.14%,3.69%,0.00%,1,0,0.44%,0.00%,$129.99,$0.00,1,0
B08B4321QB,B08B4321QB,RIO Elite Gold Freshwater Trout SureFire Tricolor Marking System Ultra Slick Cast Technology Tapered MaxFloat Small Diameter Fly Fishing Line,6-19271,171,3,0.06%,0.05%,232,4,0.06%,0.05%,6.47%,0.00%,1,0,0.58%,0.00%,$129.99,$0.00,1,0
B08B2TNS7S,B08B43PCH8,"Rio Premier Gold Fly Line, Easy to Cast Flies from Size 2 to 22, Ultimate All-Around Fly Line with Ultra-Slick Performance, Moss/Gold, 90ft, WF8F",6-19235,176,3,0.06%,0.05%,211,5,0.05%,0.06%,5.56%,33.33%,1,0,0.57%,0.00%,$84.99,$0.00,1,0
B08B2Q6NBC,B08B44HTYS,"Rio Elite Gold Fly Line, Easy to Cast Flies from Size 2 to 22, Ultimate All-Around Fly Line with Ultra-Slick Performance, Moss/Gold/Gray, 90ft,WF4F",6-19268,214,13,0.07%,0.24%,267,24,0.06%,0.31%,0.52%,5.00%,1,1,0.47%,7.69%,$114.99,$114.99,1,1
B08CY6JMDW,B08CY5HPFT,Shimano Inc. Stella SW 18000HG C,STLSW18000HGC,515,13,0.17%,0.24%,600,17,0.15%,0.22%,2.48%,33.33%,1,1,0.19%,7.69%,"$1,249.99","$1,249.99",1,1
B08D1LFWBC,B08D1LFWBC,"Daiwa HRX58HS Harrier-X Jigging Series, Sections= 1, Line Wt.= 65-120, Lure Weight= 100-250G",HRX58HS,194,5,0.07%,0.09%,264,9,0.06%,0.12%,10.98%,33.33%,2,0,1.03%,0.00%,$279.96,$0.00,1,0
B08D1MRLBM,B08D1MRLBM,"Daiwa HRX66MB Harrier-X Jigging Series, Sections= 1, Line Wt.= 30-65, Lure Weight= 50-160G",HRX66MB,52,0,0.02%,0.00%,62,0,0.01%,0.00%,11.29%,0.00%,1,0,1.92%,0.00%,$129.00,$0.00,1,0
B08FXW3XFJ,B08FXVFC1F,Talavera Bluewater Roller TIP Slick Butt,TEBC60MHSBRTA,13,0,0.00%,0.00%,15,0,0.00%,0.00%,100.00%,0.00%,1,0,7.69%,0.00%,$219.99,$0.00,1,0
B08FXW3XFJ,B08FXW657D,"Shimano Talavera Bluewater Roller Tip Slick Butt Saltwater Fishing Rods, 1pc Power: HVY | Action: Mod Fast [TEBC60HSBRTA], Length: 6'0\",TEBC60HSBRTA,404,3,0.14%,0.05%,534,3,0.13%,0.04%,92.29%,100.00%,1,0,0.25%,0.00%,$219.99,$0.00,1,0
B08FYSG4PK,B08FYR4N7M,Shimano Inc. TREVALA PX SPN 58 XH Full,TVXFS58XH,740,8,0.25%,0.14%,871,11,0.21%,0.14%,17.47%,33.33%,2,0,0.27%,0.00%,$439.96,$0.00,1,0
B08FXWWJQR,B08FYRVMG2,Shimano Inc. TREVALA PX CST 58 XH Full,TVXFC58XH,472,2,0.16%,0.04%,540,2,0.13%,0.03%,44.57%,0.00%,1,0,0.21%,0.00%,$219.91,$0.00,1,0
B08FYSBNMN,B08FYSBNMN,Shimano Inc. TREVALA PX SPN 63 M Split,TVXSS63M,576,2,0.19%,0.04%,656,2,0.16%,0.03%,1.83%,0.00%,1,0,0.17%,0.00%,$219.98,$0.00,1,0
B08FYSZHWM,B08FYSZHWM,Shimano Inc. TREVALA PX CST 63 MH Split,TVXSC63MH,279,10,0.09%,0.18%,330,10,0.08%,0.13%,38.79%,70.00%,1,0,0.36%,0.00%,$219.98,$0.00,1,0
B08FYRYGDG,B08FYT2K9Z,Shimano Inc. Grappler Type J 58 XXH CST,UI-8IB2-PKVO,489,2,0.16%,0.04%,576,3,0.14%,0.04%,5.73%,50.00%,1,0,0.20%,0.00%,$319.99,$0.00,1,0
B08KSJLF8R,B08H5MYH2B,"Daiwa BG MQ Spinning Series - Front Drag Reel,Black/Silver",BGMQ6000D-H,384,8,0.13%,0.14%,472,10,0.11%,0.13%,12.90%,0.00%,1,0,0.26%,0.00%,$229.99,$0.00,1,0
B09T96QMNF,B08JHC1KFH,Old Town Sportsman BigWater PDL 132 Pedal Fishing Kayak (Marsh Camo),01.4074.0105,"1,616",28,0.54%,0.51%,"2,159",32,0.52%,0.41%,85.40%,86.67%,1,0,0.06%,0.00%,"$2,999.99",$0.00,1,0
B08B54G5SM,B08LMC6LGT,"Redington Run Fly Reel, Lightweight Design for Trout, Freshwater Fishing, Carbon Fiber Drag System, Burgundy, 5/6 Weight",5-5512R5603,795,14,0.27%,0.25%,"1,037",19,0.25%,0.25%,3.10%,0.00%,1,0,0.13%,0.00%,$119.99,$0.00,1,0
B08LR33Y39,B08LR33Y39,Shimano Inc. TERAMAR XX NE 70 H CST,TXNC70H,287,0,0.10%,0.00%,360,0,0.09%,0.00%,3.33%,0.00%,1,0,0.35%,0.00%,$339.99,$0.00,1,0
B08KSJLF8R,B08NWX2P24,"Daiwa BG MQ Spinning Series - Front Drag Reel, 4000, Black",BGMQ4000D-XH,701,17,0.24%,0.31%,902,22,0.22%,0.28%,5.61%,0.00%,1,0,0.14%,0.00%,$209.99,$0.00,1,0
B08PMGZF2Z,B08PMGZF2Z,Shimano Inc. Grappler Type J 56 XH SPN,GRPJS56XH,92,1,0.03%,0.02%,119,1,0.03%,0.01%,21.85%,0.00%,1,0,1.09%,0.00%,$309.99,$0.00,1,0
B09JPJHK4F,B08R5QGM59,"Nomad Design Lure Roll - Large & Medium Sizes with 10 and 6 Pockets Respectively, Portable Waterproof Tarpaulin Fish Lure Bag - Heavy Duty PVC Window, Mesh Cleaning & Drying Tabs",ND-LUREROLL-LGE,33,1,0.01%,0.02%,40,1,0.01%,0.01%,8.11%,0.00%,1,0,3.03%,0.00%,$99.99,$0.00,1,0
B09RKQGKJM,B08R5RJ2B9,"Nomad Design DTX Minnow with Patented Autotune System - Distressed Baitfish Swimming Action, Hydrospeed Belly Eyelet for Faster Trolling, BKK Diablo 5X Singles 13/0 Hooks, 220 SNK 9, 50ft, Pink Lava",DTX220-S-PL,321,10,0.11%,0.18%,373,11,0.09%,0.14%,5.34%,0.00%,1,1,0.31%,10.00%,$49.94,$49.94,1,1
B08TV6MWJ1,B08TV6MWJ1,"Tsunami Trophy II Spinning Surf Rod TSTIISS-1062HF 10'6"" Heavy",TSTIISS-1062HF,59,0,0.02%,0.00%,104,0,0.03%,0.00%,11.54%,0.00%,2,0,3.39%,0.00%,$269.90,$0.00,1,0
B08XLVQVBL,B08XLVQVBL,SHIMANO ULTEGRA C3000HG FC ULTEGRA,ULTC3000HGFC,992,17,0.33%,0.31%,"1,231",17,0.30%,0.22%,4.82%,17.65%,1,0,0.10%,0.00%,$169.94,$0.00,1,0
B0CDHMJ5NL,B08XW1T4Y8,Shimano Inc. TREVALA 66 M CST B,TVC66MB,282,5,0.09%,0.09%,371,5,0.09%,0.06%,11.34%,0.00%,1,0,0.35%,0.00%,$189.99,$0.00,1,0
B08XW41XMN,B08XW41XMN,Shimano Inc. TWINPOWER SW 6000HG C,TPSW6000HGC,337,5,0.11%,0.09%,423,6,0.10%,0.08%,9.93%,50.00%,1,0,0.30%,0.00%,$589.98,$0.00,1,0
B08XW9HYYT,B08XW9HYYT,Shimano Inc. TREVALA 66 H CST B,TVC66HB,166,0,0.06%,0.00%,238,0,0.06%,0.00%,13.45%,0.00%,1,0,0.60%,0.00%,$189.98,$0.00,1,0
B0924RD7VD,B0924RD7VD,Daiwa CERTATE SW G Spinning Reel - Saltwater,CERTATESWG14000-XH,707,8,0.24%,0.14%,938,12,0.23%,0.16%,25.29%,41.67%,1,0,0.14%,0.00%,$649.98,$0.00,1,0
B0B311NKF3,B096KQ3358,Shimano Inc. Grappler Type J 58 XXH SPN,GRPJS58XXH,168,0,0.06%,0.00%,247,0,0.06%,0.00%,15.38%,0.00%,1,0,0.60%,0.00%,$319.99,$0.00,1,0
B0CMD6CW7K,B0992RH8MZ,"7 wt. 9'0"" 4 pc. Mangrove Coast Rod",TF 07 90 4 MC,40,1,0.01%,0.02%,44,2,0.01%,0.03%,6.67%,0.00%,1,0,2.50%,0.00%,$329.95,$0.00,1,0
B09NGPP1V3,B09BK2BQYV,SPHEROS SW A 20000PG SPHEROS,SPSW20000PGA,838,13,0.28%,0.24%,992,15,0.24%,0.19%,1.95%,0.00%,2,0,0.24%,0.00%,$428.00,$0.00,1,0
B09BP17XDQ,B09BP17XDQ,Daiwa SALTIGA Jigging Series,SLTGJ58HS,103,2,0.03%,0.04%,136,2,0.03%,0.03%,60.29%,100.00%,1,0,0.97%,0.00%,$299.00,$0.00,1,0
B0CJFZ18N1,B09BRHLXT3,"DIAWA Lexa 300 TWS BAITCAST Reel, Hyper Speed Left Hand Power HNDL",LX-TW300HL-P,198,2,0.07%,0.04%,257,2,0.06%,0.03%,37.95%,100.00%,1,0,0.51%,0.00%,$359.99,$0.00,1,0
B0CBN9JHX1,B09CYDBMVH,Ocea Jigger 4000HG,OCEAJG4000HG,226,5,0.08%,0.09%,285,7,0.07%,0.09%,16.49%,28.57%,1,0,0.44%,0.00%,$639.98,$0.00,1,0
B0CW1WHV9G,B09CYZG6DD,Ocea Jigger 4000,OCEAJG4000,423,9,0.14%,0.16%,522,15,0.13%,0.19%,41.95%,26.67%,1,0,0.24%,0.00%,$639.98,$0.00,1,0
B09VD6S5CK,B09G3BZP64,"Daiwa SALTIST MQ Spinning Series - Saltwater Reel, 4000D-XH, Multi",SALTISTMQ4000D-XH,18,0,0.01%,0.00%,21,0,0.01%,0.00%,23.81%,0.00%,1,0,5.56%,0.00%,$309.99,$0.00,1,0
B09G3BZP64,B09G3BZP64,"Daiwa SALTIST MQ Spinning Series - Saltwater Reel, 4000D-XH, Multi",SALTISTMQ4000D-XH,484,9,0.16%,0.16%,693,17,0.17%,0.22%,15.01%,0.00%,1,0,0.21%,0.00%,$309.99,$0.00,1,0
B0CJFZ18N1,B09KK73YW5,DIAWA Lexa 300 TWS BAITCASTING Reel - Hyper Speed Power Handle,LX-TW300H-P,337,8,0.11%,0.14%,421,13,0.10%,0.17%,0.27%,0.00%,1,0,0.30%,0.00%,$359.99,$0.00,1,0
B09L5FNGQ3,B09L5FNGQ3,Van Staal VR200 Black Bailed Spinning Reel,VR200B,211,6,0.07%,0.11%,266,7,0.06%,0.09%,18.05%,57.14%,1,0,0.47%,0.00%,$619.94,$0.00,1,0
B09LFBKLZD,B09L8N5Y55,"Simms Men's Skiff Shorts, UPF 50 Lightweight Fishing Gear, 9-Inch Inseam, Sandbar, Size 40 Waist",13493-741-W40,1,0,0.00%,0.00%,2,0,0.00%,0.00%,100.00%,0.00%,1,0,100.00%,0.00%,$69.95,$0.00,1,0
B09LFBKLZD,B09L8ND6N4,"Simms Men's Skiff Shorts, UPF 50 Lightweight Fishing Gear, 9-Inch Inseam, Sandbar, Size 30 Waist",13493-741-W30,70,3,0.02%,0.05%,80,3,0.02%,0.04%,62.50%,0.00%,1,0,1.43%,0.00%,$49.95,$0.00,1,0
B09LFBKLZD,B09L8NQHZ4,"Simms Men's Skiff Shorts, UPF 50 Lightweight Fishing Gear, 9-Inch Inseam, Sandbar, Size 32 Waist",13493-741-W32,19,1,0.01%,0.02%,22,1,0.01%,0.01%,26.32%,0.00%,1,0,5.26%,0.00%,$49.95,$0.00,1,0
B0CTXKXY4D,B09LHTNL5L,"Greys Tail Fly Reel, Size 5/6, Features Cutting Edge Design and Precision Manufacturing, Sealed Carbon Disc Drag System, Includes Reel Pouch",1546684,15,0,0.01%,0.00%,18,0,0.00%,0.00%,44.44%,0.00%,1,0,6.67%,0.00%,$139.95,$0.00,1,0
B0CTXLY3ZY,B09LHVTPVX,Greys TITAL Fly Fishing Reel,1546696,23,1,0.01%,0.02%,36,1,0.01%,0.01%,61.54%,0.00%,1,0,4.35%,0.00%,$235.94,$0.00,1,0
B0CV8PZ3GG,B09LHVZ44K,"Greys Tail AW Fly Reel, Size 9/10, Freshwater and Saltwater, Features Cutting Edge Design and Precision Manufacturing, Full Disc Drag System, Includes Reel Pouch",1546692,11,0,0.00%,0.00%,13,0,0.00%,0.00%,30.00%,0.00%,1,0,9.09%,0.00%,$159.94,$0.00,1,0
B0CV8PZ3GG,B09LHVZF4S,"Greys Tail AW Fly Reel, Size 7/8, Freshwater and Saltwater, Features Cutting Edge Design and Precision Manufacturing, Full Disc Drag System, Includes Reel Pouch",1546691,7,0,0.00%,0.00%,7,0,0.00%,0.00%,100.00%,0.00%,1,0,14.29%,0.00%,$159.94,$0.00,1,0
B0CTXLY3ZY,B09LHWSL77,Greys TITAL Fly Fishing Reel,1546698,4,1,0.00%,0.02%,5,2,0.00%,0.03%,75.00%,100.00%,1,1,25.00%,100.00%,$279.95,$279.95,1,1
B09LN9CL5D,B09LNXR5ZK,NTR III Large Arbor Reel CG,TFR NTR III CG,116,2,0.04%,0.04%,133,3,0.03%,0.04%,26.14%,0.00%,1,0,0.86%,0.00%,$189.04,$0.00,1,0
B09LN9CL5D,B09LP77FV4,NTR II Large Arbor Reel CG,TFR NTR II CG,111,1,0.04%,0.02%,131,1,0.03%,0.01%,15.05%,0.00%,1,0,0.90%,0.00%,$179.00,$0.00,1,0
B09LN9CL5D,B09LPHCQ75,NTR IV Large Arbor Reel BG,TFR NTR IV BG,38,1,0.01%,0.02%,45,1,0.01%,0.01%,3.45%,0.00%,1,0,2.63%,0.00%,$199.95,$0.00,1,0
B0CFRKR3YR,B09MWKNL31,Waterworks-Lamson Remix Fly Fishing Reel,RX-9+REEL-GLCR,696,11,0.23%,0.20%,970,17,0.23%,0.22%,0.00%,0.00%,1,0,0.14%,0.00%,$239.00,$0.00,1,0
B09THRFB6B,B09THQL2VP,DIAWA Ballistic MQ LT Spinning - Reel,YG-1YYV-4VNG,735,16,0.25%,0.29%,879,23,0.21%,0.30%,7.38%,0.00%,1,0,0.14%,0.00%,$229.00,$0.00,1,0
B09X21MJJR,B09X27VSRH,Cortland Striped Bass Floating Fly Line WF9F,476240,15,0,0.01%,0.00%,17,0,0.00%,0.00%,38.46%,0.00%,1,0,6.67%,0.00%,$99.94,$0.00,1,0
B09X1Y62JF,B09X2B3TCK,Cortland Striped Bass Blitz Fly Line WF10I/F,476318,15,0,0.01%,0.00%,16,0,0.00%,0.00%,66.67%,0.00%,1,0,6.67%,0.00%,$99.94,$0.00,1,0
B07KSVM3LJ,B09XFC5XWV,"Redington Zero Fly Fishing Reel, Lightweight Design for Trout, Clicker Drag System, Wolf Grey, 2/3",5-5507R23Y,"1,473",12,0.49%,0.22%,"2,142",13,0.52%,0.17%,0.99%,11.11%,1,0,0.07%,0.00%,$98.94,$0.00,1,0
B07KSVM3LJ,B09XFGPWT2,"Redington Zero Fly Fishing Reel, Lightweight Design for Trout, Clicker Drag System, Wolf Grey, 4/5",5-5507R45Y,798,13,0.27%,0.24%,"1,004",14,0.24%,0.18%,3.82%,0.00%,1,0,0.13%,0.00%,$109.99,$0.00,1,0
B09XVN64BQ,B09XJ84JZR,"RIO Products Avid Trout Series - Grand, Floating Fly Line for Trout, Pale Green, WF8F",6-19702,128,3,0.04%,0.05%,169,4,0.04%,0.05%,16.18%,100.00%,1,0,0.78%,0.00%,$69.99,$0.00,1,0
B09XVN64BQ,B09XJ8TNVB,"RIO Products Avid Trout Series - Grand, Floating Fly Line for Trout, Pale Green, WF7F",6-19701,136,2,0.05%,0.04%,164,3,0.04%,0.04%,5.76%,0.00%,1,0,0.74%,0.00%,$69.99,$0.00,1,0
B09XQW8LBV,B09XQW8LBV,"Daiwa New Exist G LT Spinning - Reel, Black",EXIGLT4000D,531,8,0.18%,0.14%,708,10,0.17%,0.13%,51.55%,80.00%,1,0,0.19%,0.00%,$899.98,$0.00,1,0
B09ZBN26K2,B09ZBN26K2,"Tsunami Carbon Shield II Slow Pitch 7'6"" XH Blue Spinning Rod",TSCSHDIISPS-701HB,78,3,0.03%,0.05%,103,3,0.02%,0.04%,65.05%,66.67%,1,0,1.28%,0.00%,$139.99,$0.00,1,0
B0B25RLDDV,B0B25RLDDV,Black Hall Outfitters Replacement Parts Kit Compatible with Old Town Sportsman 106 Powered by Minn Kota Kayak,210000033921,256,4,0.09%,0.07%,374,4,0.09%,0.05%,96.52%,100.00%,2,0,0.78%,0.00%,$159.98,$0.00,1,0
B0B25TW9LC,B0B25TW9LC,"Black Hall Outfitters Replacement Parts Kit Compatible with Old Town Sportsman 106 PDL Kayak, Old Town Sportsman 120 PDL Kayak, Old Town Sportsman Salty PDL Kayak",210000033919,546,12,0.18%,0.22%,726,18,0.18%,0.23%,98.48%,72.22%,1,0,0.18%,0.00%,$94.99,$0.00,1,0
B0BJ2FLKNZ,B0B64762LL,"8 wt. 9'0"" 4 pc. P3 Rod",TF 08 90 4 P3,35,1,0.01%,0.02%,45,2,0.01%,0.03%,7.69%,0.00%,1,0,2.86%,0.00%,$239.95,$0.00,1,0
B0BJ2FLKNZ,B0B64976L4,"9 wt. 9'0"" 4 pc. P3 Rod",TF 09 90 4 P3,24,0,0.01%,0.00%,29,0,0.01%,0.00%,22.22%,0.00%,1,0,4.17%,0.00%,$239.94,$0.00,1,0
B0BJ2FLKNZ,B0B64C41G3,"4 wt. 9'0"" 4 pc. P3 Rod",TF 04 90 4 P3,31,1,0.01%,0.02%,41,2,0.01%,0.03%,15.15%,100.00%,1,0,3.23%,0.00%,$229.94,$0.00,1,0
B0BJ2FLKNZ,B0B651CRDN,"5 wt. 9'0"" 4 pc. P3 Rod",TF 05 90 4 P3,15,0,0.01%,0.00%,20,0,0.00%,0.00%,18.75%,0.00%,1,0,6.67%,0.00%,$229.95,$0.00,1,0
B09XVN64BQ,B0B8481H3K,"RIO Products Avid Trout Series - Gold, Floating Fly Line for Trout, WF7F",6-19765,119,2,0.04%,0.04%,146,3,0.04%,0.04%,6.14%,0.00%,1,0,0.84%,0.00%,$69.99,$0.00,1,0
B0B9HPGJ5N,B0B9HPGJ5N,"Old Town Solitude II Women's Life Jacket, 2022 (Grape, L/XL)",01.1332.9068,6,0,0.00%,0.00%,7,0,0.00%,0.00%,100.00%,0.00%,1,0,16.67%,0.00%,$169.99,$0.00,1,0
B0B9HT6KGX,B0B9HT6KGX,"Old Town Lure Angler II Men's Life Jacket 2022 (Moss, S/M)",01.1332.9057,72,0,0.02%,0.00%,108,0,0.03%,0.00%,99.07%,0.00%,1,0,1.39%,0.00%,$179.99,$0.00,1,0
B0B9T2Y3TM,B0B9T2Y3TM,G. Loomis GCX 844S MGM,GCX 844S MGM,85,0,0.03%,0.00%,109,0,0.03%,0.00%,15.60%,0.00%,1,0,1.18%,0.00%,$289.98,$0.00,1,0
B0CDQN37WK,B0BFC38BLX,Van Staal VS X2 Bailess Spinning Reel VS150BX2 Black,VS150BX2,223,14,0.07%,0.25%,271,17,0.07%,0.22%,11.71%,0.00%,1,0,0.45%,0.00%,$819.94,$0.00,1,0
B0CDQN37WK,B0BG3DN76N,Van Staal VS X2 Bailess Spinning Reel VS200BX2 Black,VS200BX2,171,5,0.06%,0.09%,211,6,0.05%,0.08%,17.75%,50.00%,1,0,0.58%,0.00%,$859.94,$0.00,1,0
B0CDQN37WK,B0BLFPR18K,Van Staal VS X2 Bailess Spinning Reel VS100SX2 Silver,VS100SX2,313,11,0.11%,0.20%,390,14,0.09%,0.18%,9.35%,11.11%,1,0,0.32%,0.00%,$799.94,$0.00,1,0
B0BLZQR2VY,B0BLZQR2VY,"Cortland Striped Bass Intermediate Fly Line (Ice Blue, WF9I)",476271,10,1,0.00%,0.02%,11,1,0.00%,0.01%,54.55%,0.00%,1,0,10.00%,0.00%,$99.95,$0.00,1,0
B0CSF1865B,B0BN4MFZ9R,Simms Tributary Rubber Sole Wading Boots for Men and Women - Rugged Fishing Shoes with Ankle Support and Traction Control - Basalt - 11,13271-1034-11,761,8,0.26%,0.14%,"1,001",18,0.24%,0.23%,8.70%,54.55%,1,0,0.13%,0.00%,$149.94,$0.00,1,0
B07TS4GQLW,B0BN4N1DJS,"Simms Solarflex UPF 50+ Shirt, Sun Protection Hoodie - Regiment Camo Cinder - XX-Large",13658-2003-60,262,5,0.09%,0.09%,288,6,0.07%,0.08%,22.46%,25.00%,1,1,0.38%,20.00%,$79.19,$79.19,1,1
B07TS4GQLW,B0BN4NLKYD,"Simms Solarflex UPF 50+ Shirt, Sun Protection Hoodie - Regiment Camo Cinder - XXX-Large",13658-2003-70,8,0,0.00%,0.00%,9,0,0.00%,0.00%,100.00%,0.00%,1,0,12.50%,0.00%,$79.95,$0.00,1,0
B07TS4GQLW,B0BN4NVXR4,"Simms Solarflex UPF 50+ Shirt, Sun Protection Hoodie - Field Heather/Field - XX-Large",13658-2032-60,141,0,0.05%,0.00%,180,0,0.04%,0.00%,28.00%,0.00%,1,0,0.71%,0.00%,$79.99,$0.00,1,0
B0BP9B721C,B0BN4XZPYG,Simms Men's Splash Cast Jacket - Bright Blue - Extra Large,13574-1054-50,7,0,0.00%,0.00%,8,0,0.00%,0.00%,100.00%,0.00%,1,0,14.29%,0.00%,$329.95,$0.00,1,0
B0BN6T5L8C,B0BN6T5L8C,Van Staal X2 Spinning Reel Bailed 150 Size Black VSB150BX2,VSB150BX2,210,18,0.07%,0.33%,268,31,0.06%,0.40%,32.84%,12.90%,1,0,0.48%,0.00%,$919.94,$0.00,1,0
B0CDQMPWYK,B0BN6W146D,Van Staal X2 Spinning Reel Bailed 200 Size Silver VSB200SX2,VSB200SX2,910,50,0.31%,0.90%,"1,309",93,0.32%,1.20%,33.55%,28.21%,1,0,0.11%,0.00%,$949.94,$0.00,1,0
B0BN6WJC5V,B0BN6WJC5V,Van Staal X2 Spinning Reel Bailless 300 Size Silver VS300SX2,VS300SX2,712,8,0.24%,0.14%,858,11,0.21%,0.14%,4.78%,0.00%,1,0,0.14%,0.00%,$919.94,$0.00,1,0
B0BN76TD2K,B0BN76TD2K,Van Staal X2 Spinning Reel Bailless 300 Size Black VS300BX2,VS300BX2,117,6,0.04%,0.11%,143,7,0.03%,0.09%,14.69%,28.57%,1,0,0.85%,0.00%,$919.94,$0.00,1,0
B0BT2QFXTT,B0BSTP3DGZ,Daiwa Sea Power 1200 Electric Reel,SEAPOWER1200,"3,772",143,1.27%,2.59%,"5,705",219,1.38%,2.83%,5.33%,6.22%,1,1,0.03%,0.70%,$999.00,$999.00,1,1
B0CDQMPWYK,B0BTJXG7FT,Van Staal VSB50SX2 Bailed Spinning Reel,VSB50SX2,755,32,0.25%,0.58%,"1,006",60,0.24%,0.78%,32.29%,25.42%,2,2,0.26%,6.25%,"$1,779.88","$1,779.88",1,1
B0BYFYK9K3,B0BYFYK9K3,"Tsunami Pro Flutter Spoon 11"" - Standard (6oz) Pearl",TSP-FS11SS6-PRL,13,0,0.00%,0.00%,19,0,0.00%,0.00%,52.63%,0.00%,1,0,7.69%,0.00%,$26.99,$0.00,1,0
B0BYTNDWC3,B0BYTNDWC3,Hobie Compass Seagrass Kayak,81712220,287,7,0.10%,0.13%,396,7,0.10%,0.09%,83.59%,71.43%,1,0,0.35%,0.00%,"$2,799.00",$0.00,1,0
B0BZQD7SK5,B0BZQD7SK5,Hobie Itrek 9 Ultralight,27100098,175,8,0.06%,0.14%,215,15,0.05%,0.19%,10.23%,6.67%,1,0,0.57%,0.00%,"$2,599.00",$0.00,1,0
B0C1ZSLNX1,B0C1ZSHSCZ,"Hardy Fortuna Regent Fly Reel (Black, 10000 (9/10/11))",1577677,3,0,0.00%,0.00%,4,0,0.00%,0.00%,100.00%,0.00%,1,0,33.33%,0.00%,$850.00,$0.00,1,0
B0CDQN37WK,B0C4FWM1S1,Van Staal VS X2 Bailess Spinning Reel VS150SX2 Silver,VS150SX2,417,9,0.14%,0.16%,607,16,0.15%,0.21%,31.53%,91.67%,1,0,0.24%,0.00%,$819.94,$0.00,1,0
B0C6CTNR2M,B0C6CTNR2M,ACCURATE Valiant Slow Pitch Jigging Reel Silver BV-300-SPJ,BV-300-SPJ,115,1,0.04%,0.02%,147,1,0.04%,0.01%,52.38%,100.00%,1,0,0.87%,0.00%,$509.98,$0.00,1,0
B0C7WP49F8,B0C7WP49F8,Daiwa SALTIGA Slow Pitch Series - Conventional,SGSL61M,65,0,0.02%,0.00%,93,0,0.02%,0.00%,45.16%,0.00%,1,0,1.54%,0.00%,$599.00,$0.00,1,0
B0C7XB6SV3,B0C7XB7ZYG,6 wt 90 4 pc Blitz Rod,TF 06 90 4 BZ,9,1,0.00%,0.02%,11,1,0.00%,0.01%,85.71%,0.00%,1,0,11.11%,0.00%,$429.95,$0.00,1,0
B0C7XB6SV3,B0C7XNL9L3,"10 wt. 9'0"" 4 pc. Blitz Rod",TF 10 90 4 BZ,4,0,0.00%,0.00%,5,0,0.00%,0.00%,0.00%,0.00%,1,0,25.00%,0.00%,$429.95,$0.00,1,0
B0C7XB6SV3,B0C7XPMBSW,"9 wt. 9'0"" 4 pc. Blitz Rod",TF 09 90 4 BZ,37,1,0.01%,0.02%,46,1,0.01%,0.01%,48.00%,0.00%,1,0,2.70%,0.00%,$429.95,$0.00,1,0
B0CCPNRZ9M,B0CCF2ZQFZ,Simms Men's Freestone Z Bootfoot - Rubber - Loden - Large - Size 10 Boot,13916-302-4010,10,1,0.00%,0.02%,13,2,0.00%,0.03%,0.00%,0.00%,1,0,10.00%,0.00%,$579.95,$0.00,1,0
B0CCPNRZ9M,B0CCF658HN,Simms Men's Freestone Z Bootfoot - Rubber - Loden - Large - Size 11 Boot,13916-302-4011,47,0,0.02%,0.00%,58,0,0.01%,0.00%,0.00%,0.00%,1,0,2.13%,0.00%,$579.99,$0.00,1,0
B0CKY2PBV2,B0CD969DK9,"Nomad Design Squidtrex Fishing Lure with Patent Pending Technology Vibration Design - TPE Soft Plastic, BKK Assist Hooks, Squid Lure- 150 Vibe 6"" - 4 3/4oz, White Glow",SQDTREX150-WTG,155,2,0.05%,0.04%,189,3,0.05%,0.04%,10.00%,0.00%,1,0,0.65%,0.00%,$19.99,$0.00,1,0
B0CKY2PBV2,B0CD9JR3LR,"Nomad Design Squidtrex Fishing Lure with Patent Pending Technology Vibration Design - TPE Soft Plastic, BKK Assist Hooks, Squid Lure- 150 Vibe 6"" - 4 3/4oz, Tiger",SQDTREX150-TGR,199,3,0.07%,0.05%,237,3,0.06%,0.04%,3.70%,0.00%,1,0,0.50%,0.00%,$19.99,$0.00,1,0
B0CKY2PBV2,B0CD9TR1QQ,"Nomad Design Squidtrex Fishing Lure with Patent Pending Technology Vibration Design - TPE Soft Plastic, BKK Assist Hooks, Squid Lure- 150 Vibe 6"" - 4 3/4oz, Cali Red",SQDTREX150-CRED,16,0,0.01%,0.00%,18,0,0.00%,0.00%,62.50%,0.00%,2,0,12.50%,0.00%,$40.90,$0.00,1,0
B0CKY2PBV2,B0CDKHLLZC,"Nomad Design Squidtrex Fishing Lure with Patent Pending Technology Vibration Design - TPE Soft Plastic, BKK Assist Hooks, Squid Lure- 130 Vibe 5"" - 3 1/4oz, Tiger",SQDTREX130-TGR,116,1,0.04%,0.02%,142,1,0.03%,0.01%,3.85%,100.00%,2,2,1.72%,200.00%,$37.98,$37.98,1,1
B0CKY2PBV2,B0CDNVWW33,"Nomad Design Squidtrex Fishing Lure with Patent Pending Technology Vibration Design - TPE Soft Plastic, BKK Assist Hooks, Squid Lure- 150 Vibe 6"" - 4 3/4oz, Holo Ghost Shad",SQDTREX150-HGS,10,2,0.00%,0.04%,14,4,0.00%,0.05%,0.00%,0.00%,1,0,10.00%,0.00%,$20.82,$0.00,1,0
B0CF6CP3DB,B0CF6CP3DB,Accurate Tern2 Reels,TXD-400X,112,2,0.04%,0.04%,144,2,0.03%,0.03%,61.81%,0.00%,1,0,0.89%,0.00%,$442.98,$0.00,1,0
B0CF6LGGGX,B0CF6CP3DB,Accurate Tern2 Reels,TXD-400X,13,1,0.00%,0.02%,20,2,0.00%,0.03%,29.41%,0.00%,1,0,7.69%,0.00%,$442.99,$0.00,1,0
B0CKY2PBV2,B0CKY2P7MZ,"Nomad Design Squidtrex Fishing Lure with Patent Pending Technology Vibration Design - TPE Soft Plastic, BKK Assist Hooks, Squid Lure- 150 Vibe 6"" - 4 3/4oz, Brown Speckle",SQDTREX150-BSPKL,351,8,0.12%,0.14%,429,8,0.10%,0.10%,7.08%,0.00%,1,0,0.28%,0.00%,$19.99,$0.00,1,0
B0869XTNS2,B0CLTZ5HCG,Old Town Sportsman PDL 106 Pedal Fishing Kayak (Steel Camo),01.4072.0109,"2,905",57,0.98%,1.03%,"3,926",76,0.95%,0.98%,99.26%,98.31%,1,0,0.03%,0.00%,"$2,599.99",$0.00,1,0
B0CMDGD5FK,B0CMDGD5FK,"VISSER 7.5 inch Titanium Fishing Pliers with Secure Hold Sheath & Lanyard, Durable replaceable cutters with split ring feature, Made in the USA",VIS 7.5 Ti,100,8,0.03%,0.14%,127,9,0.03%,0.12%,65.35%,44.44%,1,0,1.00%,0.00%,$368.99,$0.00,1,0
B0BLFFN4L1,B0CP6B7WF5,Old Town Sportsman AutoPilot 136 Motorized Fishing Kayak with Minn Kota Trolling Motor (Marsh Camo),01.4066.0107,659,11,0.22%,0.20%,819,13,0.20%,0.17%,99.33%,100.00%,1,0,0.15%,0.00%,"$4,999.99",$0.00,1,0
B0BLFFN4L1,B0CP6B9SMP,Old Town Sportsman AutoPilot 136 Motorized Fishing Kayak with Minn Kota Trolling Motor (Steel Camo),01.4066.0109,239,2,0.08%,0.04%,282,2,0.07%,0.03%,99.19%,0.00%,1,0,0.42%,0.00%,"$4,999.99",$0.00,1,0
B0869XTVXQ,B0CP6CWCJC,Old Town Sportsman 106 Powered by Minn Kota Motorized Fishing Kayak (Marsh Camo),01.4064.0107,496,16,0.17%,0.29%,569,17,0.14%,0.22%,84.26%,62.50%,1,0,0.20%,0.00%,"$3,499.99",$0.00,1,0
B0CQ9QN5RW,B0CPFYCQYP,Old Town Sportsman BigWater ePDL+ 132 Power Assist Pedal Fishing Kayak Marsh Camo,01.4067.0101,425,15,0.14%,0.27%,505,22,0.12%,0.28%,83.56%,81.25%,1,0,0.24%,0.00%,"$5,999.99",$0.00,1,0