ID Value,ID Type,Marketplace ID,Is FBA?,Currency Code,Listing Price,Shipping Price
B094DSCL6Z,ASIN,ATVPDKIKX0DER,FALSE,USD,44.99,0
B073SCSZFJ,ASIN,ATVPDKIKX0DER,FALSE,USD,44.99,0
B073SCVH6J,ASIN,ATVPDKIKX0DER,FALSE,USD,44.99,0
B07BRXYG6V,ASIN,ATVPDKIKX0DER,TRUE,USD,139.99,0
B07BRXYG6V,ASIN,ATVPDKIKX0DER,FALSE,USD,134.38,0
B07F2L8JZH,ASIN,ATVPDKIKX0DER,TRUE,USD,102.28,0
B07F2L8JZH,ASIN,ATVPDKIKX0DER,FALSE,USD,96.23,0
B07F2M2WKK,ASIN,ATVPDKIKX0DER,TRUE,USD,96.23,0
B07F2M2WKK,ASIN,ATVPDKIKX0DER,FALSE,USD,96.23,0
B07F2KMBHP,ASIN,ATVPDKIKX0DER,TRUE,USD,96.23,0
B07F2KMBHP,ASIN,ATVPDKIKX0DER,FALSE,USD,96.23,0
B07F7771X5,ASIN,ATVPDKIKX0DER,FALSE,USD,96.23,0
B07F2JR6B5,ASIN,ATVPDKIKX0DER,TRUE,USD,96.23,0
B07F2JR6B5,ASIN,ATVPDKIKX0DER,FALSE,USD,96.23,0
B07F2LGL9N,ASIN,ATVPDKIKX0DER,TRUE,USD,96.23,0
B07F2LGL9N,ASIN,ATVPDKIKX0DER,FALSE,USD,96.23,0
B07FB59RJL,ASIN,ATVPDKIKX0DER,FALSE,USD,96.23,0
B07L9HV7WP,ASIN,ATVPDKIKX0DER,FALSE,USD,69.99,0
B07D4RFRZK,ASIN,ATVPDKIKX0DER,FALSE,USD,69.99,0
B07HR297JC,ASIN,ATVPDKIKX0DER,FALSE,USD,99.99,0
B09R9B2S2J,ASIN,ATVPDKIKX0DER,TRUE,USD,101.84,0
B001AI69KQ,ASIN,ATVPDKIKX0DER,TRUE,USD,124.98,0
B001AI69KQ,ASIN,ATVPDKIKX0DER,FALSE,USD,124.98,0
B00KOLSUR0,ASIN,ATVPDKIKX0DER,TRUE,USD,104.03,0
B005W3CNXC,ASIN,ATVPDKIKX0DER,TRUE,USD,124.99,0
B00BPWM2KI,ASIN,ATVPDKIKX0DER,TRUE,USD,114.07,0
B084KNXH5H,ASIN,ATVPDKIKX0DER,TRUE,USD,124.98,0
B084KLYC6B,ASIN,ATVPDKIKX0DER,FALSE,USD,124.98,0
B084KQ5KMF,ASIN,ATVPDKIKX0DER,FALSE,USD,124.98,0
B084KLMK47,ASIN,ATVPDKIKX0DER,TRUE,USD,124.98,0
B084L2999D,ASIN,ATVPDKIKX0DER,FALSE,USD,124.98,0
B084KGJ5K3,ASIN,ATVPDKIKX0DER,TRUE,USD,89.99,0
B084KGJ5K3,ASIN,ATVPDKIKX0DER,FALSE,USD,89.99,0
B084KQFSXR,ASIN,ATVPDKIKX0DER,TRUE,USD,104.94,0
B084KYW7XB,ASIN,ATVPDKIKX0DER,TRUE,USD,91.26,0
B084KQNWTF,ASIN,ATVPDKIKX0DER,FALSE,USD,94.99,0
B084KN9QNM,ASIN,ATVPDKIKX0DER,TRUE,USD,86.7,0
B084KL92QN,ASIN,ATVPDKIKX0DER,TRUE,USD,91.26,0
B084KNXH59,ASIN,ATVPDKIKX0DER,FALSE,USD,94.99,0
B084KS3BPS,ASIN,ATVPDKIKX0DER,TRUE,USD,91.26,0
B084KS3BPS,ASIN,ATVPDKIKX0DER,FALSE,USD,91.26,0
B084KXM3FV,ASIN,ATVPDKIKX0DER,FALSE,USD,82.13,0
B084KQNWTS,ASIN,ATVPDKIKX0DER,TRUE,USD,99.99,0
B084KQNWTS,ASIN,ATVPDKIKX0DER,FALSE,USD,99.99,0
B084KY965J,ASIN,ATVPDKIKX0DER,TRUE,USD,86.7,0
B084KY965J,ASIN,ATVPDKIKX0DER,FALSE,USD,86.7,0
B084KV6QB4,ASIN,ATVPDKIKX0DER,FALSE,USD,99.99,0
B084KTSY7T,ASIN,ATVPDKIKX0DER,TRUE,USD,144,0
B084KTSY7T,ASIN,ATVPDKIKX0DER,FALSE,USD,144,0
B084KGJJG2,ASIN,ATVPDKIKX0DER,FALSE,USD,144,0
B084KHDRL6,ASIN,ATVPDKIKX0DER,FALSE,USD,144,0
B084KQFSYM,ASIN,ATVPDKIKX0DER,FALSE,USD,144.98,0
B084KV7Q5R,ASIN,ATVPDKIKX0DER,TRUE,USD,144,0
B084KV7Q5R,ASIN,ATVPDKIKX0DER,FALSE,USD,144,0
B084KHDRL4,ASIN,ATVPDKIKX0DER,FALSE,USD,144,0
B084KHDRL4,ASIN,ATVPDKIKX0DER,TRUE,USD,121.38,0
B084KV6QBD,ASIN,ATVPDKIKX0DER,FALSE,USD,121.38,0
B084KV6QBF,ASIN,ATVPDKIKX0DER,TRUE,USD,144,0
B084KV6QBF,ASIN,ATVPDKIKX0DER,FALSE,USD,144,0
B084KQFSYL,ASIN,ATVPDKIKX0DER,TRUE,USD,102.78,0
B084KQFSYL,ASIN,ATVPDKIKX0DER,FALSE,USD,121.38,0
B084KRDC5P,ASIN,ATVPDKIKX0DER,FALSE,USD,144,0
B084KRDC5P,ASIN,ATVPDKIKX0DER,TRUE,USD,125.13,0
B001AI4HJQ,ASIN,ATVPDKIKX0DER,FALSE,USD,114.99,0
B084L2PKJR,ASIN,ATVPDKIKX0DER,FALSE,USD,99.99,0
B084KS3BPP,ASIN,ATVPDKIKX0DER,FALSE,USD,99.99,0
B084KGJJFN,ASIN,ATVPDKIKX0DER,TRUE,USD,114,0
B084KGJJFN,ASIN,ATVPDKIKX0DER,FALSE,USD,99.99,0
B084KS3BPQ,ASIN,ATVPDKIKX0DER,TRUE,USD,99.99,0
B084KS3BPQ,ASIN,ATVPDKIKX0DER,FALSE,USD,99.99,0
B084KTSY7B,ASIN,ATVPDKIKX0DER,TRUE,USD,114,0
B084KTSY7B,ASIN,ATVPDKIKX0DER,FALSE,USD,99.99,0
B085J1NB3X,ASIN,ATVPDKIKX0DER,FALSE,USD,3499.99,0
B085J29JG1,ASIN,ATVPDKIKX0DER,FALSE,USD,3499.99,0
B0CP6CWCJC,ASIN,ATVPDKIKX0DER,FALSE,USD,3499.99,124.99
B0CP69P72B,ASIN,ATVPDKIKX0DER,FALSE,USD,3499.99,0
B085J1F1WF,ASIN,ATVPDKIKX0DER,FALSE,USD,4499.99,0
B085J1C25H,ASIN,ATVPDKIKX0DER,FALSE,USD,4499.99,0
B0CP6BY19L,ASIN,ATVPDKIKX0DER,FALSE,USD,4499.99,124.99
B0CP6B2SFW,ASIN,ATVPDKIKX0DER,FALSE,USD,4499.99,124.99
B085J1WQWC,ASIN,ATVPDKIKX0DER,FALSE,USD,4999.99,124.99
B085J2CP53,ASIN,ATVPDKIKX0DER,FALSE,USD,4999.99,124.99
B0CP6B7WF5,ASIN,ATVPDKIKX0DER,FALSE,USD,4999.99,124.99
B0CPFYCQYP,ASIN,ATVPDKIKX0DER,FALSE,USD,5999.99,124.99
B0CPGB4CQG,ASIN,ATVPDKIKX0DER,FALSE,USD,5999.99,124.99
B0CPGDT6P9,ASIN,ATVPDKIKX0DER,FALSE,USD,5999.99,124.99
B085JKC34J,ASIN,ATVPDKIKX0DER,FALSE,USD,2899.99,124.99
B085JK7D4M,ASIN,ATVPDKIKX0DER,FALSE,USD,2899.99,124.99
B0CLV1Y2RX,ASIN,ATVPDKIKX0DER,FALSE,USD,2899.99,124.99
B085JKC34X,ASIN,ATVPDKIKX0DER,FALSE,USD,2599.99,124.99
B085JJZQ31,ASIN,ATVPDKIKX0DER,FALSE,USD,2599.99,124.99
B0CLV12DWT,ASIN,ATVPDKIKX0DER,FALSE,USD,2599.99,124.99
B0CLTZ5HCG,ASIN,ATVPDKIKX0DER,FALSE,USD,2599.99,124.99
B085JKC9JM,ASIN,ATVPDKIKX0DER,FALSE,USD,2599.99,124.99
B085JKB187,ASIN,ATVPDKIKX0DER,FALSE,USD,2599.99,124.99
B0CLTZR9DJ,ASIN,ATVPDKIKX0DER,FALSE,USD,2599.99,124.99
B085K32J4R,ASIN,ATVPDKIKX0DER,FALSE,USD,2999.99,124.99
B085JQXWCM,ASIN,ATVPDKIKX0DER,FALSE,USD,2999.99,124.99
B0CLTZ35RL,ASIN,ATVPDKIKX0DER,FALSE,USD,2999.99,124.99
B0754QLFSK,ASIN,ATVPDKIKX0DER,FALSE,USD,1199.99,449
B0755456TR,ASIN,ATVPDKIKX0DER,FALSE,USD,1299.99,449
B07MKSGF6H,ASIN,ATVPDKIKX0DER,FALSE,USD,1299.99,449
B0755M3VTB,ASIN,ATVPDKIKX0DER,FALSE,USD,999.99,449
B0755MMTT9,ASIN,ATVPDKIKX0DER,FALSE,USD,999.99,449
B07ZHFZXRS,ASIN,ATVPDKIKX0DER,FALSE,USD,999.99,449
B075517K38,ASIN,ATVPDKIKX0DER,FALSE,USD,1099.99,449
B07YYNB94J,ASIN,ATVPDKIKX0DER,FALSE,USD,27,0
B0186EUT8E,ASIN,ATVPDKIKX0DER,FALSE,USD,15.99,0
B07P3M4Y9J,ASIN,ATVPDKIKX0DER,FALSE,USD,43.99,0
B018REHMI8,ASIN,ATVPDKIKX0DER,FALSE,USD,17.99,0
B071LBV2BT,ASIN,ATVPDKIKX0DER,FALSE,USD,13.99,0
B076G3CQKH,ASIN,ATVPDKIKX0DER,FALSE,USD,159.99,0
B09J9YF8T1,ASIN,ATVPDKIKX0DER,FALSE,USD,48.99,0
B09JBB6QPF,ASIN,ATVPDKIKX0DER,FALSE,USD,48.99,0
B0CCF3VG5X,ASIN,ATVPDKIKX0DER,FALSE,USD,134,0
B0CCF18M17,ASIN,ATVPDKIKX0DER,FALSE,USD,134,0
B0CCF3V5JR,ASIN,ATVPDKIKX0DER,FALSE,USD,134,0
B00QMSTZRI,ASIN,ATVPDKIKX0DER,FALSE,USD,68.99,9.99
B00G3848EC,ASIN,ATVPDKIKX0DER,FALSE,USD,27,0
B0CC6QBLWW,ASIN,ATVPDKIKX0DER,FALSE,USD,624.99,0
B08PL7XJTB,ASIN,ATVPDKIKX0DER,FALSE,USD,69.95,0
B0CB1SZN6C,ASIN,ATVPDKIKX0DER,FALSE,USD,199.95,0
B0BN4MFZ9R,ASIN,ATVPDKIKX0DER,FALSE,USD,149.94,0
B0BP2VN23C,ASIN,ATVPDKIKX0DER,FALSE,USD,179.95,0
B09L8MQVHQ,ASIN,ATVPDKIKX0DER,FALSE,USD,69.96,0
B09L8LD7C6,ASIN,ATVPDKIKX0DER,FALSE,USD,69.99,0
B09L8ND6N4,ASIN,ATVPDKIKX0DER,FALSE,USD,49.95,0
B0B2FJNYMR,ASIN,ATVPDKIKX0DER,FALSE,USD,24.94,0
B0BN4NLLZS,ASIN,ATVPDKIKX0DER,FALSE,USD,329.95,0
B0BN4KK4VL,ASIN,ATVPDKIKX0DER,FALSE,USD,329.95,0
B0BN4N1DJS,ASIN,ATVPDKIKX0DER,FALSE,USD,79.94,0
B0BN4NVXR4,ASIN,ATVPDKIKX0DER,FALSE,USD,79.99,0
B0CCF658HN,ASIN,ATVPDKIKX0DER,FALSE,USD,579.99,0
B08LMW76C6,ASIN,ATVPDKIKX0DER,FALSE,USD,950,0
B08LMN9QF5,ASIN,ATVPDKIKX0DER,FALSE,USD,449.99,0
B08LMMXTZW,ASIN,ATVPDKIKX0DER,FALSE,USD,495,0
B08LN2GZ92,ASIN,ATVPDKIKX0DER,FALSE,USD,550,0
B08DDD1RS1,ASIN,ATVPDKIKX0DER,FALSE,USD,225.95,0
B09LHW48ST,ASIN,ATVPDKIKX0DER,FALSE,USD,99.94,0
B09LHVZ44K,ASIN,ATVPDKIKX0DER,FALSE,USD,159.94,0
B09LHVTPVX,ASIN,ATVPDKIKX0DER,FALSE,USD,235.95,0
B0C1ZSGD1N,ASIN,ATVPDKIKX0DER,FALSE,USD,849.99,0
B0C1ZRLD8P,ASIN,ATVPDKIKX0DER,FALSE,USD,949.99,0
B0BLTC4YCM,ASIN,ATVPDKIKX0DER,FALSE,USD,419.94,0
B0BLTCP8HM,ASIN,ATVPDKIKX0DER,FALSE,USD,429.94,0
B0BLTC4SWT,ASIN,ATVPDKIKX0DER,FALSE,USD,439.94,0
B0BLT8PYJ6,ASIN,ATVPDKIKX0DER,FALSE,USD,449.94,0
B0BLTD73R2,ASIN,ATVPDKIKX0DER,FALSE,USD,459.94,0
B0BLTCDJ26,ASIN,ATVPDKIKX0DER,FALSE,USD,469.94,0
B0C1ZRYPT5,ASIN,ATVPDKIKX0DER,FALSE,USD,749.99,0
B0B25TW9LC,ASIN,ATVPDKIKX0DER,FALSE,USD,94.99,0
B0B25TW9LC,ASIN,ATVPDKIKX0DER,TRUE,USD,94.99,0
B0B324KKRR,ASIN,ATVPDKIKX0DER,FALSE,USD,94.99,0
B0B324KKRR,ASIN,ATVPDKIKX0DER,TRUE,USD,94.99,0
B0B25RLDDV,ASIN,ATVPDKIKX0DER,FALSE,USD,79.99,0
B0B25RLDDV,ASIN,ATVPDKIKX0DER,TRUE,USD,79.99,0
B0B32Z7BGH,ASIN,ATVPDKIKX0DER,FALSE,USD,49.99,0
B0B32Z7BGH,ASIN,ATVPDKIKX0DER,TRUE,USD,49.99,0
B0B326WJ83,ASIN,ATVPDKIKX0DER,FALSE,USD,34.99,0
B0B326WJ83,ASIN,ATVPDKIKX0DER,TRUE,USD,34.99,0
B0B327TDB2,ASIN,ATVPDKIKX0DER,FALSE,USD,34.99,0
B0B327TDB2,ASIN,ATVPDKIKX0DER,TRUE,USD,34.99,0
B09PQHPBM3,ASIN,ATVPDKIKX0DER,FALSE,USD,49.65,0
B0BYRB9HMK,ASIN,ATVPDKIKX0DER,FALSE,USD,3299,124.99
B07XD33VKK,ASIN,ATVPDKIKX0DER,FALSE,USD,127,0
B07XF5J5QR,ASIN,ATVPDKIKX0DER,FALSE,USD,127,0
B07XB1ZJC1,ASIN,ATVPDKIKX0DER,FALSE,USD,127,0
B07XC1ZTNY,ASIN,ATVPDKIKX0DER,FALSE,USD,127.94,0
B082MR2533,ASIN,ATVPDKIKX0DER,FALSE,USD,127.94,0
B07XF4Z8DP,ASIN,ATVPDKIKX0DER,FALSE,USD,127,0
B082MQWRJ9,ASIN,ATVPDKIKX0DER,FALSE,USD,127.94,0
B07XB1C2ZK,ASIN,ATVPDKIKX0DER,FALSE,USD,127,0
B07XB1XZV7,ASIN,ATVPDKIKX0DER,FALSE,USD,127.94,0
B082MR3KP9,ASIN,ATVPDKIKX0DER,FALSE,USD,94,0
B07M962LWS,ASIN,ATVPDKIKX0DER,FALSE,USD,169,0
B07M5HTH5N,ASIN,ATVPDKIKX0DER,FALSE,USD,169.94,0
B07M5HTGJV,ASIN,ATVPDKIKX0DER,FALSE,USD,169.94,0
B00063RH0C,ASIN,ATVPDKIKX0DER,FALSE,USD,64,0
B00030A1N8,ASIN,ATVPDKIKX0DER,FALSE,USD,64.94,0
B00030A1NI,ASIN,ATVPDKIKX0DER,FALSE,USD,64.99,0
B003OJQM9M,ASIN,ATVPDKIKX0DER,FALSE,USD,64,0
B003F0YK9O,ASIN,ATVPDKIKX0DER,FALSE,USD,69.9,0
B003F0SU72,ASIN,ATVPDKIKX0DER,FALSE,USD,69.94,0
B079V1J9J8,ASIN,ATVPDKIKX0DER,FALSE,USD,89.94,0
B079VV4MYL,ASIN,ATVPDKIKX0DER,FALSE,USD,104.95,0
B079VS71YD,ASIN,ATVPDKIKX0DER,FALSE,USD,104.95,0
B079V3BP91,ASIN,ATVPDKIKX0DER,FALSE,USD,65.95,0
B079V6M5SY,ASIN,ATVPDKIKX0DER,FALSE,USD,55.95,0
B001NZK2KO,ASIN,ATVPDKIKX0DER,FALSE,USD,69.94,0
B003F0UZ7A,ASIN,ATVPDKIKX0DER,FALSE,USD,64,0
B01M16K56E,ASIN,ATVPDKIKX0DER,FALSE,USD,39.24,0
B01N4AZUJY,ASIN,ATVPDKIKX0DER,FALSE,USD,99.94,0
B01N1PE51Z,ASIN,ATVPDKIKX0DER,FALSE,USD,99.94,0
B01NCJ6ID6,ASIN,ATVPDKIKX0DER,FALSE,USD,99.94,0
B079VNSRSD,ASIN,ATVPDKIKX0DER,FALSE,USD,99.94,0
B085D9HDB1,ASIN,ATVPDKIKX0DER,FALSE,USD,99.94,0
B07YDZH6YR,ASIN,ATVPDKIKX0DER,FALSE,USD,89.94,0
B07YCTWPQ1,ASIN,ATVPDKIKX0DER,FALSE,USD,89.95,0
B07YCPBVFC,ASIN,ATVPDKIKX0DER,FALSE,USD,89,0
B07YCTG53Y,ASIN,ATVPDKIKX0DER,FALSE,USD,89.95,0
B07YCVLS21,ASIN,ATVPDKIKX0DER,FALSE,USD,89.95,0
B09X1ZCXLG,ASIN,ATVPDKIKX0DER,FALSE,USD,99.94,0
B09X28BRFC,ASIN,ATVPDKIKX0DER,FALSE,USD,99.94,0
B09X29FMXS,ASIN,ATVPDKIKX0DER,FALSE,USD,99.94,0
B09X27VSRH,ASIN,ATVPDKIKX0DER,FALSE,USD,109,0
B09X29DCS4,ASIN,ATVPDKIKX0DER,FALSE,USD,109.95,0
B0BLZNWGNT,ASIN,ATVPDKIKX0DER,FALSE,USD,99.94,0
B0BLZMR78N,ASIN,ATVPDKIKX0DER,FALSE,USD,99.94,0
B09X2CJZJQ,ASIN,ATVPDKIKX0DER,FALSE,USD,99.94,0
B09X29S7LS,ASIN,ATVPDKIKX0DER,FALSE,USD,99.94,0
B09X2B3TCK,ASIN,ATVPDKIKX0DER,FALSE,USD,99.94,0
B013VO8MTC,ASIN,ATVPDKIKX0DER,TRUE,USD,149.99,0
B013VO8SRS,ASIN,ATVPDKIKX0DER,TRUE,USD,149.99,0
B07FYNQKXL,ASIN,ATVPDKIKX0DER,TRUE,USD,149.99,0
B00B2WMNQO,ASIN,ATVPDKIKX0DER,TRUE,USD,149.99,0
B07BSR399V,ASIN,ATVPDKIKX0DER,TRUE,USD,129.99,0
B07BSTPWQK,ASIN,ATVPDKIKX0DER,TRUE,USD,129.99,0
B07FYR2QXP,ASIN,ATVPDKIKX0DER,TRUE,USD,129.99,0
B00B2VJECG,ASIN,ATVPDKIKX0DER,TRUE,USD,129.99,0
B013VO894U,ASIN,ATVPDKIKX0DER,TRUE,USD,129.99,0
B013VO8KU8,ASIN,ATVPDKIKX0DER,TRUE,USD,129.99,0
B07FYWY9DP,ASIN,ATVPDKIKX0DER,TRUE,USD,129.99,0
B00B2VJHZ0,ASIN,ATVPDKIKX0DER,TRUE,USD,129.99,0
B013VO82HO,ASIN,ATVPDKIKX0DER,TRUE,USD,129.99,0
B013VO8CTC,ASIN,ATVPDKIKX0DER,TRUE,USD,129.99,0
B07FYHTCFY,ASIN,ATVPDKIKX0DER,TRUE,USD,129.99,0
B00B2VJKBQ,ASIN,ATVPDKIKX0DER,TRUE,USD,129.99,0
B013VO92ZA,ASIN,ATVPDKIKX0DER,TRUE,USD,149.99,0
B013VO85LC,ASIN,ATVPDKIKX0DER,TRUE,USD,149.99,0
B07FYHP8Y8,ASIN,ATVPDKIKX0DER,TRUE,USD,149.99,0
B00B2WMOA4,ASIN,ATVPDKIKX0DER,TRUE,USD,149.99,0
B00B2VJGOC,ASIN,ATVPDKIKX0DER,TRUE,USD,109.99,0
B09XFBQNSM,ASIN,ATVPDKIKX0DER,TRUE,USD,109.99,0
B09XFC5XWV,ASIN,ATVPDKIKX0DER,TRUE,USD,109.99,0
B00B2VJJBC,ASIN,ATVPDKIKX0DER,TRUE,USD,109,0
B09XF9QFFL,ASIN,ATVPDKIKX0DER,TRUE,USD,109.98,0
B09XFGPWT2,ASIN,ATVPDKIKX0DER,TRUE,USD,109.99,0
B07FYNQKX9,ASIN,ATVPDKIKX0DER,TRUE,USD,379.99,0
B07FYHRZJJ,ASIN,ATVPDKIKX0DER,TRUE,USD,379.99,0
B07FYFT155,ASIN,ATVPDKIKX0DER,TRUE,USD,379.99,0
B07FYR1763,ASIN,ATVPDKIKX0DER,TRUE,USD,379.99,0
B07FYRDFYT,ASIN,ATVPDKIKX0DER,TRUE,USD,379.99,0
B07FYS5385,ASIN,ATVPDKIKX0DER,TRUE,USD,379.99,0
B07FY948WG,ASIN,ATVPDKIKX0DER,TRUE,USD,329.99,0
B07FYHBWK8,ASIN,ATVPDKIKX0DER,TRUE,USD,329.99,0
B07FY6RZ9M,ASIN,ATVPDKIKX0DER,TRUE,USD,329.99,0
B07FYFW8Y3,ASIN,ATVPDKIKX0DER,TRUE,USD,329.99,0
B07FYHTDFQ,ASIN,ATVPDKIKX0DER,TRUE,USD,329.99,0
B07FYSQ38L,ASIN,ATVPDKIKX0DER,TRUE,USD,329.99,0
B07FYHTCFM,ASIN,ATVPDKIKX0DER,TRUE,USD,379.99,0
B07FYHP8Y2,ASIN,ATVPDKIKX0DER,TRUE,USD,379.99,0
B07FYFV43X,ASIN,ATVPDKIKX0DER,TRUE,USD,379.99,0
B08D7XSP2V,ASIN,ATVPDKIKX0DER,TRUE,USD,119.99,0
B08HSRM53J,ASIN,ATVPDKIKX0DER,TRUE,USD,119.99,0
B08B672CLV,ASIN,ATVPDKIKX0DER,TRUE,USD,119.99,0
B00B2VJQ0Q,ASIN,ATVPDKIKX0DER,TRUE,USD,119.99,0
B08B54RSJ7,ASIN,ATVPDKIKX0DER,TRUE,USD,119.99,0
B08KGY9JP7,ASIN,ATVPDKIKX0DER,TRUE,USD,119.99,0
B08LMC6LGT,ASIN,ATVPDKIKX0DER,TRUE,USD,119.99,0
B00B2VJS2W,ASIN,ATVPDKIKX0DER,TRUE,USD,119.99,0
B08B54YGGR,ASIN,ATVPDKIKX0DER,TRUE,USD,119.99,0
B08H4K6CDM,ASIN,ATVPDKIKX0DER,TRUE,USD,119,0
B08D7WMZMS,ASIN,ATVPDKIKX0DER,TRUE,USD,119.99,0
B00B2VJVFG,ASIN,ATVPDKIKX0DER,TRUE,USD,119.99,0
B00KX5A7NW,ASIN,ATVPDKIKX0DER,FALSE,USD,154.99,0
B01CSJ866K,ASIN,ATVPDKIKX0DER,FALSE,USD,184.99,0
B01KYXT4OU,ASIN,ATVPDKIKX0DER,FALSE,USD,34.95,0
B08B42PYGR,ASIN,ATVPDKIKX0DER,TRUE,USD,99.99,0
B08B44MMD5,ASIN,ATVPDKIKX0DER,TRUE,USD,99.99,0
B08B44314P,ASIN,ATVPDKIKX0DER,TRUE,USD,99.99,0
B08B463VRX,ASIN,ATVPDKIKX0DER,TRUE,USD,99.99,0
B08B43JVTS,ASIN,ATVPDKIKX0DER,TRUE,USD,99.99,0
B08B43PCH8,ASIN,ATVPDKIKX0DER,TRUE,USD,99.99,0
B08B45CQ8W,ASIN,ATVPDKIKX0DER,TRUE,USD,99.99,0
B08B43Z23K,ASIN,ATVPDKIKX0DER,TRUE,USD,99.99,0
B08B42VGD4,ASIN,ATVPDKIKX0DER,TRUE,USD,99.99,0
B08B45VVMX,ASIN,ATVPDKIKX0DER,TRUE,USD,99.99,0
B08B44MYZZ,ASIN,ATVPDKIKX0DER,TRUE,USD,99.99,0
B08B43DT46,ASIN,ATVPDKIKX0DER,TRUE,USD,99.99,0
B08B43LRJ4,ASIN,ATVPDKIKX0DER,TRUE,USD,99.99,0
B08B44K7Z1,ASIN,ATVPDKIKX0DER,TRUE,USD,99.99,0
B08B43PJ6F,ASIN,ATVPDKIKX0DER,TRUE,USD,99.99,0
B08B44HTYS,ASIN,ATVPDKIKX0DER,TRUE,USD,129.99,0
B08B448B2D,ASIN,ATVPDKIKX0DER,TRUE,USD,129.99,0
B08B42QM65,ASIN,ATVPDKIKX0DER,TRUE,USD,129.99,0
B08B4321QB,ASIN,ATVPDKIKX0DER,TRUE,USD,129.99,0
B08B44C6JS,ASIN,ATVPDKIKX0DER,TRUE,USD,129.99,0
B0B2K9Y7WH,ASIN,ATVPDKIKX0DER,TRUE,USD,99.99,0
B09XJ7MD6D,ASIN,ATVPDKIKX0DER,TRUE,USD,69.99,0
B09XJ8MQN6,ASIN,ATVPDKIKX0DER,TRUE,USD,69.99,0
B09XJ8YZD8,ASIN,ATVPDKIKX0DER,TRUE,USD,69.99,0
B09XJ8239C,ASIN,ATVPDKIKX0DER,TRUE,USD,69.99,0
B09XJ7ZGJD,ASIN,ATVPDKIKX0DER,TRUE,USD,69.99,0
B09XJ9BH14,ASIN,ATVPDKIKX0DER,TRUE,USD,69.99,0
B09XJ8TNVB,ASIN,ATVPDKIKX0DER,TRUE,USD,69.99,0
B09XJ84JZR,ASIN,ATVPDKIKX0DER,TRUE,USD,69.99,0
B0B8481H3K,ASIN,ATVPDKIKX0DER,TRUE,USD,69.99,0
B08WRNXXGR,ASIN,ATVPDKIKX0DER,FALSE,USD,189,0
B08WRQY2SL,ASIN,ATVPDKIKX0DER,FALSE,USD,199.93,0
B075QMFJ4Z,ASIN,ATVPDKIKX0DER,FALSE,USD,19.99,0
B075QNQ6G7,ASIN,ATVPDKIKX0DER,FALSE,USD,18.99,0
B075QN567J,ASIN,ATVPDKIKX0DER,FALSE,USD,19.99,0
B003RX6EAC,ASIN,ATVPDKIKX0DER,FALSE,USD,56.99,9.99
B008VGQQJY,ASIN,ATVPDKIKX0DER,FALSE,USD,25.99,9.99
B00SQ0FUOC,ASIN,ATVPDKIKX0DER,FALSE,USD,190,9.99
B07SHTT11Y,ASIN,ATVPDKIKX0DER,FALSE,USD,318,9.99
B01BW6AZ32,ASIN,ATVPDKIKX0DER,FALSE,USD,20.99,9.99
B07SHTT1M4,ASIN,ATVPDKIKX0DER,FALSE,USD,310,9.99
B08X6CPP7W,ASIN,ATVPDKIKX0DER,FALSE,USD,290,9.99
B004CG9RGQ,ASIN,ATVPDKIKX0DER,FALSE,USD,41.99,9.99
B01NA7H9AI,ASIN,ATVPDKIKX0DER,FALSE,USD,255,9.99
B0BYTNDWC3,ASIN,ATVPDKIKX0DER,FALSE,USD,2799,0
B01E0LPFIG,ASIN,ATVPDKIKX0DER,FALSE,USD,34.95,0
B01E0LPCPW,ASIN,ATVPDKIKX0DER,FALSE,USD,19.95,0
B077YXVK9J,ASIN,ATVPDKIKX0DER,FALSE,USD,19.95,0
B003Q7ULKI,ASIN,ATVPDKIKX0DER,FALSE,USD,30.99,0
B00JS1R302,ASIN,ATVPDKIKX0DER,FALSE,USD,42.99,0
B01CQBSTQC,ASIN,ATVPDKIKX0DER,FALSE,USD,36.95,0
B071K6TLPL,ASIN,ATVPDKIKX0DER,FALSE,USD,44.95,0
B01FZYE0MY,ASIN,ATVPDKIKX0DER,FALSE,USD,38.2,0
B01MRTIWNJ,ASIN,ATVPDKIKX0DER,FALSE,USD,34.95,0
B077YS927K,ASIN,ATVPDKIKX0DER,FALSE,USD,15.95,0
B0000AYCHZ,ASIN,ATVPDKIKX0DER,FALSE,USD,1349.95,0
B004U6NBVK,ASIN,ATVPDKIKX0DER,FALSE,USD,2199.95,0
B082WH6RYZ,ASIN,ATVPDKIKX0DER,FALSE,USD,36,0
B000OYGCIG,ASIN,ATVPDKIKX0DER,FALSE,USD,35,0
B082WHKHTC,ASIN,ATVPDKIKX0DER,FALSE,USD,36,0
B082WGZN2L,ASIN,ATVPDKIKX0DER,FALSE,USD,28,0
B082WG4YYD,ASIN,ATVPDKIKX0DER,FALSE,USD,29.99,0
B07J1Y2X35,ASIN,ATVPDKIKX0DER,FALSE,USD,169.99,0
B07J21H64T,ASIN,ATVPDKIKX0DER,FALSE,USD,169.99,0
B07J1ZG87X,ASIN,ATVPDKIKX0DER,FALSE,USD,169.99,0
B07JNCKTQT,ASIN,ATVPDKIKX0DER,FALSE,USD,189.99,0
B07QQMT1DS,ASIN,ATVPDKIKX0DER,TRUE,USD,339.95,0
B08WYVSZNF,ASIN,ATVPDKIKX0DER,FALSE,USD,299.95,0
B09XJ9Q5ZR,ASIN,ATVPDKIKX0DER,TRUE,USD,259.95,0
B07Y3ZC37R,ASIN,ATVPDKIKX0DER,FALSE,USD,199.95,0
B09LKN2DHY,ASIN,ATVPDKIKX0DER,FALSE,USD,299.95,0
B001NZPX9E,ASIN,ATVPDKIKX0DER,FALSE,USD,284.99,0
B01JH8FHIK,ASIN,ATVPDKIKX0DER,FALSE,USD,139,0
B01JH8FHOO,ASIN,ATVPDKIKX0DER,FALSE,USD,149,0
B01JH8FHFI,ASIN,ATVPDKIKX0DER,FALSE,USD,149,0
B08GFTF79X,ASIN,ATVPDKIKX0DER,FALSE,USD,259,0
B08KSJ3FW2,ASIN,ATVPDKIKX0DER,FALSE,USD,259,0
B08GFG8K4N,ASIN,ATVPDKIKX0DER,FALSE,USD,259,0
B09THQL2VP,ASIN,ATVPDKIKX0DER,FALSE,USD,229,0
B09THNYTKG,ASIN,ATVPDKIKX0DER,FALSE,USD,229,0
B0C6CTNR2M,ASIN,ATVPDKIKX0DER,FALSE,USD,509.98,0
B0CD36YPBY,ASIN,ATVPDKIKX0DER,FALSE,USD,509.98,0
B07ZJS3DRY,ASIN,ATVPDKIKX0DER,FALSE,USD,552.98,0
B07LFJQDQM,ASIN,ATVPDKIKX0DER,FALSE,USD,499.95,0
B0CD38GF3P,ASIN,ATVPDKIKX0DER,FALSE,USD,595.98,0
B0CF6MTMLD,ASIN,ATVPDKIKX0DER,FALSE,USD,574.98,0
B0CF6P3C19,ASIN,ATVPDKIKX0DER,FALSE,USD,574.98,0
B0CF6MWTMX,ASIN,ATVPDKIKX0DER,FALSE,USD,574.98,0
B0CD378MQM,ASIN,ATVPDKIKX0DER,FALSE,USD,784.98,0
B0CF6BRJ29,ASIN,ATVPDKIKX0DER,FALSE,USD,679.98,0
B09XZ36JFP,ASIN,ATVPDKIKX0DER,FALSE,USD,711,0
B092HJRQXR,ASIN,ATVPDKIKX0DER,FALSE,USD,429.98,0
B092H3Y2JP,ASIN,ATVPDKIKX0DER,FALSE,USD,469.98,0
B093YQ32DG,ASIN,ATVPDKIKX0DER,FALSE,USD,649.98,0
B0924RD7VD,ASIN,ATVPDKIKX0DER,FALSE,USD,649,0
B0924P8W8G,ASIN,ATVPDKIKX0DER,FALSE,USD,749,0
B093YPG94R,ASIN,ATVPDKIKX0DER,FALSE,USD,649,0
B00OAC2KEI,ASIN,ATVPDKIKX0DER,FALSE,USD,11.95,0
B083S8C2GT,ASIN,ATVPDKIKX0DER,FALSE,USD,59.95,0
B083S8C2GT,ASIN,ATVPDKIKX0DER,FALSE,USD,40,0
B083FVPS6L,ASIN,ATVPDKIKX0DER,FALSE,USD,99.95,0
B083FVPS6L,ASIN,ATVPDKIKX0DER,FALSE,USD,74.95,0
B083CQ75JY,ASIN,ATVPDKIKX0DER,FALSE,USD,99.95,0
B083CQ75JY,ASIN,ATVPDKIKX0DER,FALSE,USD,74.95,0
B0842C1HZ8,ASIN,ATVPDKIKX0DER,FALSE,USD,24.95,0
B003U0583G,ASIN,ATVPDKIKX0DER,FALSE,USD,94.95,0
B00ZQ32GL2,ASIN,ATVPDKIKX0DER,FALSE,USD,99.95,0
B0BRYMR5PN,ASIN,ATVPDKIKX0DER,FALSE,USD,599.98,0
B07XGZJD4M,ASIN,ATVPDKIKX0DER,TRUE,USD,49.94,0
B08R5MPL66,ASIN,ATVPDKIKX0DER,TRUE,USD,48.93,0
B07XF3C25H,ASIN,ATVPDKIKX0DER,TRUE,USD,49.94,0
B07XBVDWLZ,ASIN,ATVPDKIKX0DER,TRUE,USD,49.94,0
B08R5RJ2B9,ASIN,ATVPDKIKX0DER,FALSE,USD,49.94,0
B07X8S6ZBY,ASIN,ATVPDKIKX0DER,TRUE,USD,47.46,0
B08R5QM91K,ASIN,ATVPDKIKX0DER,FALSE,USD,49.88,0
B09PQGTYTL,ASIN,ATVPDKIKX0DER,FALSE,USD,47.45,0
B099NV58SK,ASIN,ATVPDKIKX0DER,FALSE,USD,109.98,0
B09XQW8LBV,ASIN,ATVPDKIKX0DER,FALSE,USD,899.98,0
B09XQWJ1SX,ASIN,ATVPDKIKX0DER,FALSE,USD,929,0
B08XXGY1LL,ASIN,ATVPDKIKX0DER,FALSE,USD,609,0
B08XW5B5K5,ASIN,ATVPDKIKX0DER,FALSE,USD,599.98,0
B00OAKGE88,ASIN,ATVPDKIKX0DER,FALSE,USD,19.95,0
B07B4DQJGG,ASIN,ATVPDKIKX0DER,FALSE,USD,54.95,0
B07B1YY9WV,ASIN,ATVPDKIKX0DER,FALSE,USD,44.95,0
B07B1YY9WV,ASIN,ATVPDKIKX0DER,FALSE,USD,31,0
B07G7DC812,ASIN,ATVPDKIKX0DER,FALSE,USD,49.95,0
B07G7BLBMB,ASIN,ATVPDKIKX0DER,FALSE,USD,49.95,0
B081B9QFHX,ASIN,ATVPDKIKX0DER,FALSE,USD,49.95,0
B081B9QFHX,ASIN,ATVPDKIKX0DER,FALSE,USD,25,0
B001449E2G,ASIN,ATVPDKIKX0DER,FALSE,USD,329,0
B001449E2G,ASIN,ATVPDKIKX0DER,TRUE,USD,329,0
B001449DRM,ASIN,ATVPDKIKX0DER,FALSE,USD,379,0
B001449DRM,ASIN,ATVPDKIKX0DER,TRUE,USD,379,0
B0B8M9YP6X,ASIN,ATVPDKIKX0DER,FALSE,USD,199,0
B0B9T2DR9D,ASIN,ATVPDKIKX0DER,FALSE,USD,289.98,0
B0B9T4DWLL,ASIN,ATVPDKIKX0DER,FALSE,USD,294.99,0
B0B9T4TJDM,ASIN,ATVPDKIKX0DER,FALSE,USD,289.98,0
B0B9T2Y3TM,ASIN,ATVPDKIKX0DER,FALSE,USD,289.98,0
B0B9T2RSNL,ASIN,ATVPDKIKX0DER,FALSE,USD,289.99,0
B0B9T59N1P,ASIN,ATVPDKIKX0DER,FALSE,USD,294.99,0
B016LFDCGQ,ASIN,ATVPDKIKX0DER,FALSE,USD,14.95,0
B081R8WZLP,ASIN,ATVPDKIKX0DER,FALSE,USD,12.95,0
B08FYRZ847,ASIN,ATVPDKIKX0DER,FALSE,USD,309.98,0
B0848GJN3L,ASIN,ATVPDKIKX0DER,FALSE,USD,289.98,0
B0848CBYTW,ASIN,ATVPDKIKX0DER,FALSE,USD,299.98,0
B0848P646H,ASIN,ATVPDKIKX0DER,FALSE,USD,289.98,0
B08FYSHCYN,ASIN,ATVPDKIKX0DER,FALSE,USD,299.98,0
B096KMWLRX,ASIN,ATVPDKIKX0DER,FALSE,USD,309,0
B08PMGZF2Z,ASIN,ATVPDKIKX0DER,FALSE,USD,309.98,0
B096KQ3358,ASIN,ATVPDKIKX0DER,FALSE,USD,319.98,0
B07WP76YQV,ASIN,ATVPDKIKX0DER,FALSE,USD,299,0
B07WV6SS51,ASIN,ATVPDKIKX0DER,FALSE,USD,289,0
B07WWB39VG,ASIN,ATVPDKIKX0DER,FALSE,USD,299.98,0
B07WW7TZ14,ASIN,ATVPDKIKX0DER,FALSE,USD,289.98,0
B07WW5BVWP,ASIN,ATVPDKIKX0DER,FALSE,USD,289.98,0
B01FWSJABY,ASIN,ATVPDKIKX0DER,FALSE,USD,19.95,0
B01FWSJAO6,ASIN,ATVPDKIKX0DER,FALSE,USD,24.95,0
B01FWSKCPW,ASIN,ATVPDKIKX0DER,FALSE,USD,29.95,0
B01FWSKCPW,ASIN,ATVPDKIKX0DER,FALSE,USD,19,0
B0094K2W8U,ASIN,ATVPDKIKX0DER,FALSE,USD,14.95,0
B0094K2YO2,ASIN,ATVPDKIKX0DER,FALSE,USD,24.95,0
B014I3P4SW,ASIN,ATVPDKIKX0DER,FALSE,USD,19.95,0
B014I43J9W,ASIN,ATVPDKIKX0DER,FALSE,USD,24.95,0
B014I4J62G,ASIN,ATVPDKIKX0DER,FALSE,USD,29.95,0
B071GLHWRT,ASIN,ATVPDKIKX0DER,FALSE,USD,14.95,0
B014I1B2TE,ASIN,ATVPDKIKX0DER,FALSE,USD,24.95,0
B01KMHVMGG,ASIN,ATVPDKIKX0DER,FALSE,USD,24.95,0
B08LN7PMR1,ASIN,ATVPDKIKX0DER,FALSE,USD,594.99,0
B07H1DZLPD,ASIN,ATVPDKIKX0DER,FALSE,USD,99.98,0
B07QGXMTG6,ASIN,ATVPDKIKX0DER,FALSE,USD,99,0
B08D1LFWBC,ASIN,ATVPDKIKX0DER,FALSE,USD,139,0
B08D1JSW5D,ASIN,ATVPDKIKX0DER,FALSE,USD,139.98,0
B08D1MRLBM,ASIN,ATVPDKIKX0DER,FALSE,USD,129,0
B08D1JV4ZJ,ASIN,ATVPDKIKX0DER,FALSE,USD,129,0
B08D1LB8YL,ASIN,ATVPDKIKX0DER,FALSE,USD,129.98,0
B08D1L9NZS,ASIN,ATVPDKIKX0DER,FALSE,USD,129,0
B08D1KMNFL,ASIN,ATVPDKIKX0DER,FALSE,USD,199,0
B01DUXTEEQ,ASIN,ATVPDKIKX0DER,FALSE,USD,364.99,0
B018RHI2ZM,ASIN,ATVPDKIKX0DER,FALSE,USD,339.99,0
B01MRYAYQY,ASIN,ATVPDKIKX0DER,FALSE,USD,365,0
B01MRYBIFY,ASIN,ATVPDKIKX0DER,FALSE,USD,365,0
B01N7KKG5A,ASIN,ATVPDKIKX0DER,FALSE,USD,389,0
B07S7F97MT,ASIN,ATVPDKIKX0DER,FALSE,USD,404.99,0
B07S8DBTJP,ASIN,ATVPDKIKX0DER,FALSE,USD,404.99,0
B07SBH9R75,ASIN,ATVPDKIKX0DER,FALSE,USD,419.99,0
B07S6C5QXJ,ASIN,ATVPDKIKX0DER,FALSE,USD,439.98,0
B07S9D5N4X,ASIN,ATVPDKIKX0DER,FALSE,USD,440,0
B07YSX11YS,ASIN,ATVPDKIKX0DER,FALSE,USD,18,0
B07YSX19PP,ASIN,ATVPDKIKX0DER,FALSE,USD,24,0
B07WRF7MKX,ASIN,ATVPDKIKX0DER,FALSE,USD,24,0
B07WNKN4SS,ASIN,ATVPDKIKX0DER,FALSE,USD,29,0
B07WTFQLKL,ASIN,ATVPDKIKX0DER,FALSE,USD,34,0
B07WQZ42B9,ASIN,ATVPDKIKX0DER,FALSE,USD,34,0
B07WQZ3DNR,ASIN,ATVPDKIKX0DER,FALSE,USD,39,0
B000LF7GAG,ASIN,ATVPDKIKX0DER,FALSE,USD,10.99,0
B071X4PK9W,ASIN,ATVPDKIKX0DER,FALSE,USD,89.95,0
B07SM3T9GW,ASIN,ATVPDKIKX0DER,FALSE,USD,11.95,0
B0844TM8R3,ASIN,ATVPDKIKX0DER,FALSE,USD,9.95,0
B08L5Q3SLM,ASIN,ATVPDKIKX0DER,FALSE,USD,719.99,0
B07VCN2W73,ASIN,ATVPDKIKX0DER,FALSE,USD,269.98,0
B09MZQ4SGQ,ASIN,ATVPDKIKX0DER,FALSE,USD,359,0
B09KK73YW5,ASIN,ATVPDKIKX0DER,FALSE,USD,359,0
B09H3M1ZZW,ASIN,ATVPDKIKX0DER,FALSE,USD,389,0
B09H3M1ZZW,ASIN,ATVPDKIKX0DER,FALSE,USD,389,0
B085MNTWZS,ASIN,ATVPDKIKX0DER,FALSE,USD,279.99,0
B0CB76YR88,ASIN,ATVPDKIKX0DER,FALSE,USD,219,0
B0CB768V39,ASIN,ATVPDKIKX0DER,FALSE,USD,279,0
B0CB76C1Q3,ASIN,ATVPDKIKX0DER,FALSE,USD,279,0
B07X58Z9DX,ASIN,ATVPDKIKX0DER,FALSE,USD,44.06,0
B07X36WJZW,ASIN,ATVPDKIKX0DER,TRUE,USD,44.95,0
B07X13DN4D,ASIN,ATVPDKIKX0DER,TRUE,USD,40.95,0
B07X13DN4D,ASIN,ATVPDKIKX0DER,FALSE,USD,40.95,0
B084L5CB55,ASIN,ATVPDKIKX0DER,TRUE,USD,49.94,0
B07X2781D3,ASIN,ATVPDKIKX0DER,FALSE,USD,49.94,0
B084L4RWGL,ASIN,ATVPDKIKX0DER,TRUE,USD,43.95,0
B07X13BV65,ASIN,ATVPDKIKX0DER,FALSE,USD,43.44,0
B07X13BV65,ASIN,ATVPDKIKX0DER,FALSE,USD,43.44,0
B07X13CMX7,ASIN,ATVPDKIKX0DER,TRUE,USD,44.9,0
B07X13CMX7,ASIN,ATVPDKIKX0DER,FALSE,USD,44.9,0
B07X5DF5Y2,ASIN,ATVPDKIKX0DER,TRUE,USD,59.94,0
B07X5CQ8DB,ASIN,ATVPDKIKX0DER,TRUE,USD,59.94,0
B07X13DBY6,ASIN,ATVPDKIKX0DER,TRUE,USD,59.49,0
B07X13DBY6,ASIN,ATVPDKIKX0DER,TRUE,USD,59.49,0
B07X13DBY6,ASIN,ATVPDKIKX0DER,FALSE,USD,49.95,0
B084L4YRNS,ASIN,ATVPDKIKX0DER,TRUE,USD,49.99,0
B07X13D9Q7,ASIN,ATVPDKIKX0DER,FALSE,USD,59.54,0
B07X5BDKKY,ASIN,ATVPDKIKX0DER,TRUE,USD,43.76,0
B07X5BDKKY,ASIN,ATVPDKIKX0DER,FALSE,USD,49.95,0
B07X59L1R1,ASIN,ATVPDKIKX0DER,TRUE,USD,43.31,0
B07X5BJT53,ASIN,ATVPDKIKX0DER,FALSE,USD,18.99,0
B07X36WV8F,ASIN,ATVPDKIKX0DER,FALSE,USD,18.99,0
B0BLZPWQRX,ASIN,ATVPDKIKX0DER,FALSE,USD,139,0
B0BKC8MTC7,ASIN,ATVPDKIKX0DER,FALSE,USD,129,0
B07YQ8C5Z5,ASIN,ATVPDKIKX0DER,FALSE,USD,6.79,9.99
B07WXJ886C,ASIN,ATVPDKIKX0DER,FALSE,USD,12.95,0
B002612G8K,ASIN,ATVPDKIKX0DER,FALSE,USD,16.99,0
B01M300IYN,ASIN,ATVPDKIKX0DER,FALSE,USD,19,0
B000SXP2OI,ASIN,ATVPDKIKX0DER,FALSE,USD,29,0
B00IA2NLW4,ASIN,ATVPDKIKX0DER,FALSE,USD,34,0
B0016D4IKS,ASIN,ATVPDKIKX0DER,FALSE,USD,119.95,0
B01N9XGEIF,ASIN,ATVPDKIKX0DER,FALSE,USD,229.99,0
B07BRYQ52B,ASIN,ATVPDKIKX0DER,FALSE,USD,134.38,0
B09JQFD34T,ASIN,ATVPDKIKX0DER,FALSE,USD,69.35,0
B09S8PGZY3,ASIN,ATVPDKIKX0DER,FALSE,USD,289,0
B09S8W16Q1,ASIN,ATVPDKIKX0DER,FALSE,USD,279.99,0
B00CZD8RVE,ASIN,ATVPDKIKX0DER,FALSE,USD,719,0
B084RNM86N,ASIN,ATVPDKIKX0DER,FALSE,USD,539.98,0
B084RL55P4,ASIN,ATVPDKIKX0DER,FALSE,USD,539.98,0
B084R9LVV2,ASIN,ATVPDKIKX0DER,FALSE,USD,569.98,0
B084RR8GN7,ASIN,ATVPDKIKX0DER,FALSE,USD,569.98,0
B09CYZG6DD,ASIN,ATVPDKIKX0DER,FALSE,USD,639.98,0
B09CYDBMVH,ASIN,ATVPDKIKX0DER,FALSE,USD,639.98,0
B08FYTCFR6,ASIN,ATVPDKIKX0DER,FALSE,USD,599,0
B077NN67MQ,ASIN,ATVPDKIKX0DER,FALSE,USD,599,0
B08FYSG4PJ,ASIN,ATVPDKIKX0DER,FALSE,USD,599,0
B07ZDHTZFN,ASIN,ATVPDKIKX0DER,FALSE,USD,25.98,0
B008MLB1K2,ASIN,ATVPDKIKX0DER,FALSE,USD,25.98,0
B07ZDK4L4R,ASIN,ATVPDKIKX0DER,FALSE,USD,25.94,0
B008MLDDFS,ASIN,ATVPDKIKX0DER,FALSE,USD,25.98,0
B08D1GY9D8,ASIN,ATVPDKIKX0DER,FALSE,USD,199,0
B08D1LXGHM,ASIN,ATVPDKIKX0DER,FALSE,USD,199,0
B07QX11PDV,ASIN,ATVPDKIKX0DER,FALSE,USD,169,0
B087MXWNCD,ASIN,ATVPDKIKX0DER,FALSE,USD,179.99,0
B087N8F6GF,ASIN,ATVPDKIKX0DER,FALSE,USD,199.99,0
B087ND31V4,ASIN,ATVPDKIKX0DER,FALSE,USD,209,0
B08VFB1W43,ASIN,ATVPDKIKX0DER,FALSE,USD,339,0
B08VF9YJQ1,ASIN,ATVPDKIKX0DER,FALSE,USD,339.98,0
B00QB5J7N4,ASIN,ATVPDKIKX0DER,FALSE,USD,16.95,0
B00LX237TA,ASIN,ATVPDKIKX0DER,FALSE,USD,16.95,0
B0087ZGVKS,ASIN,ATVPDKIKX0DER,FALSE,USD,16.95,0
B00ZD2N8PE,ASIN,ATVPDKIKX0DER,FALSE,USD,34.95,0
B078PT2TF2,ASIN,ATVPDKIKX0DER,FALSE,USD,39.95,0
B07NNJKHRD,ASIN,ATVPDKIKX0DER,FALSE,USD,41.95,0
B07KJSWGXL,ASIN,ATVPDKIKX0DER,FALSE,USD,41.95,0
B07X5B5KDL,ASIN,ATVPDKIKX0DER,FALSE,USD,17.99,0
B07X36WTTX,ASIN,ATVPDKIKX0DER,FALSE,USD,26.99,0
B09MWKNL31,ASIN,ATVPDKIKX0DER,FALSE,USD,239,0
B07WVFCZD7,ASIN,ATVPDKIKX0DER,FALSE,USD,239.99,0
B004NG98IW,ASIN,ATVPDKIKX0DER,FALSE,USD,59.99,0
B0001MRYDI,ASIN,ATVPDKIKX0DER,FALSE,USD,32.9,0
B0716TWDSK,ASIN,ATVPDKIKX0DER,FALSE,USD,11.49,0
B0725KW7Y5,ASIN,ATVPDKIKX0DER,FALSE,USD,12.29,0
B071HR88YN,ASIN,ATVPDKIKX0DER,FALSE,USD,14.99,0
B072BRKS99,ASIN,ATVPDKIKX0DER,FALSE,USD,14.99,0
B0716TWCQL,ASIN,ATVPDKIKX0DER,FALSE,USD,14.99,0
B071LBTZTX,ASIN,ATVPDKIKX0DER,FALSE,USD,12.99,0
B071LBV4GY,ASIN,ATVPDKIKX0DER,FALSE,USD,12.99,0
B071S41NGP,ASIN,ATVPDKIKX0DER,FALSE,USD,12.99,0
B071DRHVY5,ASIN,ATVPDKIKX0DER,FALSE,USD,12.99,0
B071KXV8CF,ASIN,ATVPDKIKX0DER,FALSE,USD,14,0
B072DY69N5,ASIN,ATVPDKIKX0DER,FALSE,USD,13.59,0
B072BVQRCG,ASIN,ATVPDKIKX0DER,FALSE,USD,13.99,0
B0725LKPN3,ASIN,ATVPDKIKX0DER,FALSE,USD,16.49,0
B071LBV1SX,ASIN,ATVPDKIKX0DER,FALSE,USD,12.49,0
B0725LRCF9,ASIN,ATVPDKIKX0DER,FALSE,USD,12.98,0
B09P8VK8D1,ASIN,ATVPDKIKX0DER,FALSE,USD,329,0
B09BK19J4C,ASIN,ATVPDKIKX0DER,FALSE,USD,319.98,0
B09P8WS671,ASIN,ATVPDKIKX0DER,FALSE,USD,329.98,0
B0BZZMZC5G,ASIN,ATVPDKIKX0DER,FALSE,USD,949,0
B08N6YDC9Q,ASIN,ATVPDKIKX0DER,FALSE,USD,449,0
B08N6Y7FZC,ASIN,ATVPDKIKX0DER,FALSE,USD,469,0
B0866BBBQQ,ASIN,ATVPDKIKX0DER,FALSE,USD,999.94,0
B09H3NFJ5L,ASIN,ATVPDKIKX0DER,FALSE,USD,329,0
B09H3N4QB1,ASIN,ATVPDKIKX0DER,FALSE,USD,359,0
B0773PTJPN,ASIN,ATVPDKIKX0DER,TRUE,USD,1699.94,0
B071W3H27P,ASIN,ATVPDKIKX0DER,TRUE,USD,1599.94,0
B0BSTP3DGZ,ASIN,ATVPDKIKX0DER,FALSE,USD,999,0
B0C7WMSZP2,ASIN,ATVPDKIKX0DER,FALSE,USD,599,0
B0C7WP49F8,ASIN,ATVPDKIKX0DER,FALSE,USD,599,0
B0C7WNF7Z1,ASIN,ATVPDKIKX0DER,FALSE,USD,599,0
B08D6WFDKQ,ASIN,ATVPDKIKX0DER,FALSE,USD,129.98,0
B08D6XD141,ASIN,ATVPDKIKX0DER,FALSE,USD,129.98,0
B09BP17XDQ,ASIN,ATVPDKIKX0DER,FALSE,USD,299,0
B09BP1P3LK,ASIN,ATVPDKIKX0DER,FALSE,USD,299.97,0
B09BP26D35,ASIN,ATVPDKIKX0DER,FALSE,USD,299,0
B09BP28GGW,ASIN,ATVPDKIKX0DER,FALSE,USD,299,0
B09BP1X1QG,ASIN,ATVPDKIKX0DER,FALSE,USD,299,0
B09BP1K96C,ASIN,ATVPDKIKX0DER,FALSE,USD,299,0
B09BP35G2X,ASIN,ATVPDKIKX0DER,FALSE,USD,299,0
B09BNZBK67,ASIN,ATVPDKIKX0DER,FALSE,USD,299.97,0
B0CB73VTHN,ASIN,ATVPDKIKX0DER,FALSE,USD,349,0
B0CB764MVF,ASIN,ATVPDKIKX0DER,FALSE,USD,349,0
B0CB753NMJ,ASIN,ATVPDKIKX0DER,FALSE,USD,349.98,0
B07VX9JRF7,ASIN,ATVPDKIKX0DER,FALSE,USD,279.98,0
B07VX8B2BH,ASIN,ATVPDKIKX0DER,FALSE,USD,289.98,0
B08666NC74,ASIN,ATVPDKIKX0DER,FALSE,USD,339.94,0
B08667BM1W,ASIN,ATVPDKIKX0DER,FALSE,USD,369.94,0
B09BK1J29T,ASIN,ATVPDKIKX0DER,FALSE,USD,184,0
B09BK2BQYV,ASIN,ATVPDKIKX0DER,FALSE,USD,214,0
B09BK2FF9W,ASIN,ATVPDKIKX0DER,FALSE,USD,154.94,0
B0CD39N84V,ASIN,ATVPDKIKX0DER,FALSE,USD,18.99,0
B0CDJVKGS9,ASIN,ATVPDKIKX0DER,FALSE,USD,18.99,0
B0CKY43P1J,ASIN,ATVPDKIKX0DER,FALSE,USD,19.93,0
B0CDNT2QPT,ASIN,ATVPDKIKX0DER,FALSE,USD,18.99,0
B0CDJZ3BV7,ASIN,ATVPDKIKX0DER,FALSE,USD,18.99,0
B0CDK6PHSJ,ASIN,ATVPDKIKX0DER,FALSE,USD,18.99,0
B0CDKHLLZC,ASIN,ATVPDKIKX0DER,FALSE,USD,18.99,0
B0CDJVKGMX,ASIN,ATVPDKIKX0DER,FALSE,USD,18.99,0
B0CKY2P7MZ,ASIN,ATVPDKIKX0DER,FALSE,USD,19.99,0
B0CKY43SL4,ASIN,ATVPDKIKX0DER,FALSE,USD,19.99,0
B0CDB1KY1N,ASIN,ATVPDKIKX0DER,FALSE,USD,19.99,0
B0CD9YXX1Y,ASIN,ATVPDKIKX0DER,FALSE,USD,19.99,0
B0CD9JR3LR,ASIN,ATVPDKIKX0DER,FALSE,USD,19.99,0
B08DJ8DW96,ASIN,ATVPDKIKX0DER,FALSE,USD,409,0
B0CC69LJFR,ASIN,ATVPDKIKX0DER,FALSE,USD,229,0
B0CC69Z4R5,ASIN,ATVPDKIKX0DER,FALSE,USD,219,0
B0CC6DCLQD,ASIN,ATVPDKIKX0DER,FALSE,USD,229.94,0
B07WGW9QL1,ASIN,ATVPDKIKX0DER,FALSE,USD,1099.98,0
B07XKC414M,ASIN,ATVPDKIKX0DER,FALSE,USD,1099.98,0
B08CY5HPFT,ASIN,ATVPDKIKX0DER,FALSE,USD,1249.99,0
B08CY4HRY2,ASIN,ATVPDKIKX0DER,FALSE,USD,1249.99,0
B08CY4LZ7H,ASIN,ATVPDKIKX0DER,FALSE,USD,1349.98,0
B08CY3X5LR,ASIN,ATVPDKIKX0DER,FALSE,USD,949.98,0
B08CY4FXG3,ASIN,ATVPDKIKX0DER,FALSE,USD,999,0
B08CY2SDHS,ASIN,ATVPDKIKX0DER,FALSE,USD,999.98,0
B07WK44ZXD,ASIN,ATVPDKIKX0DER,FALSE,USD,1099.98,0
B07X13CMX8,ASIN,ATVPDKIKX0DER,FALSE,USD,14.99,0
B07H1N96QH,ASIN,ATVPDKIKX0DER,FALSE,USD,149,0
B0B8LVS764,ASIN,ATVPDKIKX0DER,FALSE,USD,199.98,0
B002VL1O2O,ASIN,ATVPDKIKX0DER,FALSE,USD,489.98,0
B002VL1NZW,ASIN,ATVPDKIKX0DER,FALSE,USD,479.98,0
B0B8MFFG2C,ASIN,ATVPDKIKX0DER,FALSE,USD,799.98,0
B007NLQ5FS,ASIN,ATVPDKIKX0DER,FALSE,USD,159,0
B0B648PW21,ASIN,ATVPDKIKX0DER,FALSE,USD,229.94,0
B007NLQ5RG,ASIN,ATVPDKIKX0DER,FALSE,USD,159.99,0
B0B648J9S4,ASIN,ATVPDKIKX0DER,FALSE,USD,229.94,0
B0B648KZVQ,ASIN,ATVPDKIKX0DER,FALSE,USD,229.94,0
B0B64C41G3,ASIN,ATVPDKIKX0DER,FALSE,USD,229.94,0
B007NLQDKU,ASIN,ATVPDKIKX0DER,FALSE,USD,159,0
B007NLQ9P4,ASIN,ATVPDKIKX0DER,FALSE,USD,169,0
B0831TZGSR,ASIN,ATVPDKIKX0DER,FALSE,USD,429.94,0
B007NLQGN4,ASIN,ATVPDKIKX0DER,FALSE,USD,169,0
B0831T3633,ASIN,ATVPDKIKX0DER,FALSE,USD,429,0
B07ZJRLDW4,ASIN,ATVPDKIKX0DER,FALSE,USD,279,0
B007NLQIF0,ASIN,ATVPDKIKX0DER,FALSE,USD,169.99,0
B0831T52KZ,ASIN,ATVPDKIKX0DER,FALSE,USD,429.94,0
B0C7XPMBSW,ASIN,ATVPDKIKX0DER,FALSE,USD,429.94,0
B0992QPJ62,ASIN,ATVPDKIKX0DER,FALSE,USD,329.94,0
B0B64976L4,ASIN,ATVPDKIKX0DER,FALSE,USD,239.94,0
B0757DJ3BL,ASIN,ATVPDKIKX0DER,FALSE,USD,339.95,0
B0831T144L,ASIN,ATVPDKIKX0DER,FALSE,USD,429.94,0
B0992T8174,ASIN,ATVPDKIKX0DER,FALSE,USD,329.94,0
B0B648DB3M,ASIN,ATVPDKIKX0DER,FALSE,USD,239.94,0
B0831TN4ZD,ASIN,ATVPDKIKX0DER,FALSE,USD,429.99,0
B0C7XRYG6B,ASIN,ATVPDKIKX0DER,FALSE,USD,429.94,0
B0831V38LQ,ASIN,ATVPDKIKX0DER,FALSE,USD,429.99,0
B0C7XMLLK5,ASIN,ATVPDKIKX0DER,FALSE,USD,429.94,0
B07ZJR5QST,ASIN,ATVPDKIKX0DER,FALSE,USD,229.94,0
B07ZJS5GH6,ASIN,ATVPDKIKX0DER,FALSE,USD,239.95,0
B07ZJSCFM8,ASIN,ATVPDKIKX0DER,FALSE,USD,259.95,0
B09LNZQB8X,ASIN,ATVPDKIKX0DER,FALSE,USD,179.94,0
B09LP77FV4,ASIN,ATVPDKIKX0DER,FALSE,USD,179,0
B09LNXR5ZK,ASIN,ATVPDKIKX0DER,FALSE,USD,189.94,0
B09LPHCBYT,ASIN,ATVPDKIKX0DER,FALSE,USD,199.94,0
B07ZJRGPDM,ASIN,ATVPDKIKX0DER,FALSE,USD,119.94,0
B001443K6M,ASIN,ATVPDKIKX0DER,FALSE,USD,1449.94,0
B0006JIYBC,ASIN,ATVPDKIKX0DER,FALSE,USD,209,0
B001443EHW,ASIN,ATVPDKIKX0DER,FALSE,USD,439.98,0
B002VKCY5G,ASIN,ATVPDKIKX0DER,FALSE,USD,229.98,0
B002WD5GQQ,ASIN,ATVPDKIKX0DER,FALSE,USD,239.98,0
B002WD3L3G,ASIN,ATVPDKIKX0DER,FALSE,USD,229.98,0
B002WDAOCM,ASIN,ATVPDKIKX0DER,FALSE,USD,229.38,0
B0043HQUNC,ASIN,ATVPDKIKX0DER,FALSE,USD,499,0
B0047IP1OG,ASIN,ATVPDKIKX0DER,FALSE,USD,509.98,0
B0042HZEP8,ASIN,ATVPDKIKX0DER,FALSE,USD,519.98,0
B00H9Y4U3S,ASIN,ATVPDKIKX0DER,FALSE,USD,529.98,0
B0047IP178,ASIN,ATVPDKIKX0DER,FALSE,USD,539.98,0
B08D6XXS4D,ASIN,ATVPDKIKX0DER,FALSE,USD,299.99,0
B0099GJHGE,ASIN,ATVPDKIKX0DER,FALSE,USD,13.99,0
B08XVR1X1P,ASIN,ATVPDKIKX0DER,FALSE,USD,699,0
B08XVTNQBF,ASIN,ATVPDKIKX0DER,FALSE,USD,699.98,0
B08XWGGJ33,ASIN,ATVPDKIKX0DER,FALSE,USD,549.98,0
B08XVY8Q2G,ASIN,ATVPDKIKX0DER,FALSE,USD,589.98,0
B08XW41XMN,ASIN,ATVPDKIKX0DER,FALSE,USD,589.98,0
B08XW7GSL6,ASIN,ATVPDKIKX0DER,FALSE,USD,699,0
B08XW5Y22B,ASIN,ATVPDKIKX0DER,FALSE,USD,519,0
B08XF4451V,ASIN,ATVPDKIKX0DER,FALSE,USD,499.98,0
B08XVV42DY,ASIN,ATVPDKIKX0DER,FALSE,USD,529,0
B077H37XZK,ASIN,ATVPDKIKX0DER,FALSE,USD,319.98,0
B077H37XZK,ASIN,ATVPDKIKX0DER,FALSE,USD,199.99,0
B08598PKGT,ASIN,ATVPDKIKX0DER,FALSE,USD,319.98,0
B077PNB8LF,ASIN,ATVPDKIKX0DER,FALSE,USD,329.98,0
B074H8LYTN,ASIN,ATVPDKIKX0DER,FALSE,USD,319.99,0
B00PCP75ZG,ASIN,ATVPDKIKX0DER,FALSE,USD,199.99,0
B06X9G5RW4,ASIN,ATVPDKIKX0DER,FALSE,USD,299.93,0
B075KQGLRM,ASIN,ATVPDKIKX0DER,FALSE,USD,96.94,0
B075KPBSBP,ASIN,ATVPDKIKX0DER,FALSE,USD,96.95,0
B075KLN74M,ASIN,ATVPDKIKX0DER,FALSE,USD,111.94,0
B00ED36JJQ,ASIN,ATVPDKIKX0DER,FALSE,USD,209.94,0
B00FCCVCQC,ASIN,ATVPDKIKX0DER,FALSE,USD,229.94,0
B019FUZJTC,ASIN,ATVPDKIKX0DER,FALSE,USD,219.94,0
B09ZC7PQR9,ASIN,ATVPDKIKX0DER,FALSE,USD,169,0
B09ZCCDWYG,ASIN,ATVPDKIKX0DER,FALSE,USD,179,0
B09ZC57DKD,ASIN,ATVPDKIKX0DER,FALSE,USD,189,0
B0110HRYV4,ASIN,ATVPDKIKX0DER,FALSE,USD,189.94,0
B09ZBM3927,ASIN,ATVPDKIKX0DER,FALSE,USD,199,0
B00ED386RE,ASIN,ATVPDKIKX0DER,FALSE,USD,199.94,0
B01AKF9COE,ASIN,ATVPDKIKX0DER,FALSE,USD,154.94,0
B004E5AJN0,ASIN,ATVPDKIKX0DER,FALSE,USD,154.95,0
B008NDY2WI,ASIN,ATVPDKIKX0DER,FALSE,USD,159.95,0
B004E5AKJI,ASIN,ATVPDKIKX0DER,FALSE,USD,179.94,0
B001PVQQ0Q,ASIN,ATVPDKIKX0DER,FALSE,USD,119.95,0
B004E5DOU0,ASIN,ATVPDKIKX0DER,FALSE,USD,119.99,0
B001P9281O,ASIN,ATVPDKIKX0DER,FALSE,USD,129.95,0
B084HP2F37,ASIN,ATVPDKIKX0DER,FALSE,USD,149.99,0
B084HNZLHX,ASIN,ATVPDKIKX0DER,FALSE,USD,149.98,0
B084HNYCTF,ASIN,ATVPDKIKX0DER,FALSE,USD,149.99,0
B081TGMV5Z,ASIN,ATVPDKIKX0DER,FALSE,USD,129.94,0
B081THP4CZ,ASIN,ATVPDKIKX0DER,FALSE,USD,129.94,0
B081TBVP1C,ASIN,ATVPDKIKX0DER,FALSE,USD,129.94,0
B07QS5164X,ASIN,ATVPDKIKX0DER,FALSE,USD,119.94,0
B081TFZRHD,ASIN,ATVPDKIKX0DER,FALSE,USD,119.93,0
B07QGDNB3Y,ASIN,ATVPDKIKX0DER,FALSE,USD,119.94,0
B081TJCNPQ,ASIN,ATVPDKIKX0DER,FALSE,USD,119.94,0
B07QFC27JK,ASIN,ATVPDKIKX0DER,FALSE,USD,129.98,0
B084BPLC53,ASIN,ATVPDKIKX0DER,FALSE,USD,129.93,0
B07QGH6T5M,ASIN,ATVPDKIKX0DER,FALSE,USD,129.98,0
B082L4WMP1,ASIN,ATVPDKIKX0DER,FALSE,USD,129.94,0
B09KDXYMM8,ASIN,ATVPDKIKX0DER,FALSE,USD,149,0
B09KF17LHS,ASIN,ATVPDKIKX0DER,FALSE,USD,149,0
B09KDZMN3T,ASIN,ATVPDKIKX0DER,FALSE,USD,149,0
B09ZBNZ85R,ASIN,ATVPDKIKX0DER,FALSE,USD,129.99,0
B09ZBN26K2,ASIN,ATVPDKIKX0DER,FALSE,USD,139.99,0
B07NDJR5KQ,ASIN,ATVPDKIKX0DER,FALSE,USD,159,0
B07ND5Q3DW,ASIN,ATVPDKIKX0DER,FALSE,USD,169,0
B07ND5YCMX,ASIN,ATVPDKIKX0DER,FALSE,USD,169.94,0
B07ND4N6GM,ASIN,ATVPDKIKX0DER,FALSE,USD,199,0
B0BYFVJZY2,ASIN,ATVPDKIKX0DER,FALSE,USD,26.99,0
B0BYG8L79M,ASIN,ATVPDKIKX0DER,FALSE,USD,26.99,0
B0BYFYK9K3,ASIN,ATVPDKIKX0DER,FALSE,USD,26.99,0
B0BYFRTQZL,ASIN,ATVPDKIKX0DER,FALSE,USD,26.99,0
B0BYG31NDJ,ASIN,ATVPDKIKX0DER,FALSE,USD,26.99,0
B0BYFYCC9W,ASIN,ATVPDKIKX0DER,FALSE,USD,26.99,0
B07LGDRJN8,ASIN,ATVPDKIKX0DER,FALSE,USD,18.99,0
B07N4CL6BX,ASIN,ATVPDKIKX0DER,FALSE,USD,18.99,0
B07LGFXPYS,ASIN,ATVPDKIKX0DER,FALSE,USD,21.99,0
B07LGF5DWC,ASIN,ATVPDKIKX0DER,FALSE,USD,21.99,0
B07LGGMV2J,ASIN,ATVPDKIKX0DER,FALSE,USD,18,0
B07N2YM5DP,ASIN,ATVPDKIKX0DER,FALSE,USD,18,0
B01N9KLQX8,ASIN,ATVPDKIKX0DER,FALSE,USD,99.99,0
B01NCP4X7O,ASIN,ATVPDKIKX0DER,FALSE,USD,99.99,0
B01N1VBQCL,ASIN,ATVPDKIKX0DER,FALSE,USD,109.99,0
B01NCP55AI,ASIN,ATVPDKIKX0DER,FALSE,USD,109.99,0
B07CPHPH3S,ASIN,ATVPDKIKX0DER,FALSE,USD,119.99,0
B01MYFHIC7,ASIN,ATVPDKIKX0DER,FALSE,USD,119.95,0
B01MZH2USZ,ASIN,ATVPDKIKX0DER,FALSE,USD,119.95,0
B0798VMGTT,ASIN,ATVPDKIKX0DER,FALSE,USD,119.95,0
B0798W51XJ,ASIN,ATVPDKIKX0DER,FALSE,USD,119.95,0
B01N29NSCJ,ASIN,ATVPDKIKX0DER,FALSE,USD,119.95,0
B07FYTTDQV,ASIN,ATVPDKIKX0DER,FALSE,USD,129.94,0
B06XXX7J94,ASIN,ATVPDKIKX0DER,FALSE,USD,119.95,0
B0822XNG6M,ASIN,ATVPDKIKX0DER,FALSE,USD,129.94,0
B08MD6ZHLC,ASIN,ATVPDKIKX0DER,FALSE,USD,99.95,0
B082MS71RF,ASIN,ATVPDKIKX0DER,FALSE,USD,299.94,0
B083V78BZJ,ASIN,ATVPDKIKX0DER,FALSE,USD,299.94,0
B00695F89I,ASIN,ATVPDKIKX0DER,FALSE,USD,149.99,0
B07N8BJHMV,ASIN,ATVPDKIKX0DER,FALSE,USD,119.95,0
B08TV6MWJ1,ASIN,ATVPDKIKX0DER,FALSE,USD,134.95,0
B07N8J2VJN,ASIN,ATVPDKIKX0DER,FALSE,USD,124.94,0
B07N8HBSQK,ASIN,ATVPDKIKX0DER,FALSE,USD,139.95,0
B07N7Y7Y3Q,ASIN,ATVPDKIKX0DER,FALSE,USD,139.95,0
B07N7L6X3L,ASIN,ATVPDKIKX0DER,FALSE,USD,99.95,0
B07N7LWT93,ASIN,ATVPDKIKX0DER,FALSE,USD,119.95,0
B07N7N7LJM,ASIN,ATVPDKIKX0DER,FALSE,USD,119.99,0
B0C6N19XP9,ASIN,ATVPDKIKX0DER,FALSE,USD,199.93,0
B0006781N0,ASIN,ATVPDKIKX0DER,FALSE,USD,299.98,0
B0044ZSZOU,ASIN,ATVPDKIKX0DER,FALSE,USD,309.98,0
B08XVVB2TL,ASIN,ATVPDKIKX0DER,FALSE,USD,189.98,0
B08XVX53KH,ASIN,ATVPDKIKX0DER,FALSE,USD,189.98,0
B08XWCWG2D,ASIN,ATVPDKIKX0DER,FALSE,USD,189.98,0
B08XW9HYYT,ASIN,ATVPDKIKX0DER,FALSE,USD,189.98,0
B08XW1T4Y8,ASIN,ATVPDKIKX0DER,FALSE,USD,189.98,0
B08XW4WPRT,ASIN,ATVPDKIKX0DER,FALSE,USD,189.98,0
B0BNJWTH1B,ASIN,ATVPDKIKX0DER,FALSE,USD,189.98,0
B0BNJWSPFV,ASIN,ATVPDKIKX0DER,FALSE,USD,189.98,0
B00I07F42Y,ASIN,ATVPDKIKX0DER,FALSE,USD,189.98,0
B008MLESS4,ASIN,ATVPDKIKX0DER,FALSE,USD,189.98,0
B08FYRVMG2,ASIN,ATVPDKIKX0DER,FALSE,USD,219.96,0
B08FYRFCLF,ASIN,ATVPDKIKX0DER,FALSE,USD,219.98,0
B08FYS314D,ASIN,ATVPDKIKX0DER,FALSE,USD,219.98,0
B08FYR4N7M,ASIN,ATVPDKIKX0DER,FALSE,USD,219.98,0
B08FYRWKS9,ASIN,ATVPDKIKX0DER,FALSE,USD,219.98,0
B08FYRXFCS,ASIN,ATVPDKIKX0DER,FALSE,USD,219.98,0
B08FYSD6QW,ASIN,ATVPDKIKX0DER,FALSE,USD,219.98,0
B08FYSZHWM,ASIN,ATVPDKIKX0DER,FALSE,USD,219.99,0
B08FYS7KZQ,ASIN,ATVPDKIKX0DER,FALSE,USD,219.98,0
B08FYSBNMN,ASIN,ATVPDKIKX0DER,FALSE,USD,219.98,0
B08FYR74ZX,ASIN,ATVPDKIKX0DER,FALSE,USD,219.98,0
B08FYSKLLK,ASIN,ATVPDKIKX0DER,FALSE,USD,219.98,0
B0CD37YN18,ASIN,ATVPDKIKX0DER,FALSE,USD,420.98,0
B0CF6CP3DB,ASIN,ATVPDKIKX0DER,FALSE,USD,442.98,0
B0CF723VSK,ASIN,ATVPDKIKX0DER,FALSE,USD,442.98,0
B0CF6FYYZ4,ASIN,ATVPDKIKX0DER,FALSE,USD,451,0
B08LR178VX,ASIN,ATVPDKIKX0DER,FALSE,USD,329.98,0
B08LR33Y39,ASIN,ATVPDKIKX0DER,FALSE,USD,339.98,0
B08LQYR5SD,ASIN,ATVPDKIKX0DER,FALSE,USD,339.98,0
B08LQVQ4XF,ASIN,ATVPDKIKX0DER,FALSE,USD,329.98,0
B08LQXQSX8,ASIN,ATVPDKIKX0DER,FALSE,USD,329.98,0
B08LRMQFC4,ASIN,ATVPDKIKX0DER,FALSE,USD,329.98,0
B08LQZLCNM,ASIN,ATVPDKIKX0DER,FALSE,USD,329.98,0
B08LQX67NY,ASIN,ATVPDKIKX0DER,FALSE,USD,329.98,0
B07XKWK28S,ASIN,ATVPDKIKX0DER,FALSE,USD,299.98,0
B07X5MB6R9,ASIN,ATVPDKIKX0DER,FALSE,USD,299.98,0
B07X4JPBMV,ASIN,ATVPDKIKX0DER,FALSE,USD,299.98,0
B07X6JD79G,ASIN,ATVPDKIKX0DER,FALSE,USD,299.99,0
B07WVZZFNP,ASIN,ATVPDKIKX0DER,FALSE,USD,299.98,0
B07WSSBFJY,ASIN,ATVPDKIKX0DER,FALSE,USD,299.98,0
B07WSS9FNZ,ASIN,ATVPDKIKX0DER,FALSE,USD,299.98,0
B07WDYZCGP,ASIN,ATVPDKIKX0DER,FALSE,USD,299.98,0
B08FYT2K9Z,ASIN,ATVPDKIKX0DER,FALSE,USD,319.98,0
B08XWLXQ21,ASIN,ATVPDKIKX0DER,FALSE,USD,169,0
B08XLVQVBL,ASIN,ATVPDKIKX0DER,FALSE,USD,169.94,0
B071K6LTVQ,ASIN,ATVPDKIKX0DER,FALSE,USD,79.95,0
B0BFBQBGYV,ASIN,ATVPDKIKX0DER,FALSE,USD,469.98,0
B08DJB7V4J,ASIN,ATVPDKIKX0DER,FALSE,USD,235,0
B08DJ8Z798,ASIN,ATVPDKIKX0DER,FALSE,USD,259,0
B071X4PKQZ,ASIN,ATVPDKIKX0DER,FALSE,USD,39.95,0
B0CM9QWPCP,ASIN,ATVPDKIKX0DER,FALSE,USD,328.99,0
B0CMDGD5FK,ASIN,ATVPDKIKX0DER,FALSE,USD,368.99,0
B01A02EZTY,ASIN,ATVPDKIKX0DER,FALSE,USD,529,0
B08Y77VSC6,ASIN,ATVPDKIKX0DER,FALSE,USD,529.94,0
B019KP9H4K,ASIN,ATVPDKIKX0DER,FALSE,USD,559,0
B08Y796213,ASIN,ATVPDKIKX0DER,FALSE,USD,559.94,0
B09RLNZPDB,ASIN,ATVPDKIKX0DER,FALSE,USD,559,0
B09CXSW9XL,ASIN,ATVPDKIKX0DER,FALSE,USD,559,0
B01ANYTF30,ASIN,ATVPDKIKX0DER,FALSE,USD,589,0
B09CXVRDFC,ASIN,ATVPDKIKX0DER,FALSE,USD,589.94,0
B019KXLKCO,ASIN,ATVPDKIKX0DER,FALSE,USD,619.94,0
B09L5FNGQ3,ASIN,ATVPDKIKX0DER,FALSE,USD,619.94,0
B0B1RQ2RS1,ASIN,ATVPDKIKX0DER,FALSE,USD,619.94,0
B09GL1MXFL,ASIN,ATVPDKIKX0DER,FALSE,USD,619.94,0
B079VRB13R,ASIN,ATVPDKIKX0DER,FALSE,USD,519.94,0
B0839LSX39,ASIN,ATVPDKIKX0DER,FALSE,USD,519.94,0
B09MR8WY6F,ASIN,ATVPDKIKX0DER,FALSE,USD,519,0
B09MR9CHF3,ASIN,ATVPDKIKX0DER,FALSE,USD,519.94,0
B09M9CCB7V,ASIN,ATVPDKIKX0DER,FALSE,USD,519.94,0
B0BHXFQZ31,ASIN,ATVPDKIKX0DER,FALSE,USD,799.94,0
B0BLFPR18K,ASIN,ATVPDKIKX0DER,FALSE,USD,799.94,0
B0BFC38BLX,ASIN,ATVPDKIKX0DER,FALSE,USD,819.94,0
B0C4FWM1S1,ASIN,ATVPDKIKX0DER,FALSE,USD,819.94,0
B0BFC4Q2TL,ASIN,ATVPDKIKX0DER,FALSE,USD,819.94,0
B0BFC5VP13,ASIN,ATVPDKIKX0DER,FALSE,USD,819.94,0
B0BG3DN76N,ASIN,ATVPDKIKX0DER,FALSE,USD,859.94,0
B0BG3F12Y7,ASIN,ATVPDKIKX0DER,FALSE,USD,859.94,0
B0BG48KD71,ASIN,ATVPDKIKX0DER,FALSE,USD,859.94,0
B0BG3B6JG7,ASIN,ATVPDKIKX0DER,FALSE,USD,859.94,0
B0BN6WR16W,ASIN,ATVPDKIKX0DER,FALSE,USD,889.94,0
B0BN6WLCX9,ASIN,ATVPDKIKX0DER,FALSE,USD,889.94,0
B0BN76TD2K,ASIN,ATVPDKIKX0DER,FALSE,USD,919.94,0
B0BN6WJC5V,ASIN,ATVPDKIKX0DER,FALSE,USD,919.94,0
B0BN6T5L8C,ASIN,ATVPDKIKX0DER,FALSE,USD,919.94,0
B0BN6VL9QZ,ASIN,ATVPDKIKX0DER,FALSE,USD,949.94,0
B0BN6W146D,ASIN,ATVPDKIKX0DER,FALSE,USD,949.94,0
B0BN6VHML3,ASIN,ATVPDKIKX0DER,FALSE,USD,889.94,0
B0BTJXG7FT,ASIN,ATVPDKIKX0DER,FALSE,USD,889.94,0
B000LEXZAM,ASIN,ATVPDKIKX0DER,FALSE,USD,17.99,0
B000LF01H6,ASIN,ATVPDKIKX0DER,FALSE,USD,16.99,0
B01KYALNJW,ASIN,ATVPDKIKX0DER,FALSE,USD,29.95,0
B077YVN7Y4,ASIN,ATVPDKIKX0DER,FALSE,USD,11.95,0
B07NCX8PTF,ASIN,ATVPDKIKX0DER,FALSE,USD,34.95,0
B07NCVYVKC,ASIN,ATVPDKIKX0DER,FALSE,USD,39.95,0
B09THQL2VP,ASIN,ATVPDKIKX0DER,FALSE,USD,229,0
B0714BJ7CL,ASIN,ATVPDKIKX0DER,FALSE,USD,18.99,0
B071HTLNHV,ASIN,ATVPDKIKX0DER,FALSE,USD,18.99,0
B075QKZJQL,ASIN,ATVPDKIKX0DER,FALSE,USD,16.99,0
B07F2ZS7SB,ASIN,ATVPDKIKX0DER,FALSE,USD,16.99,0
B073SCP381,ASIN,ATVPDKIKX0DER,FALSE,USD,34.99,0
B0CLFPFFQH,ASIN,ATVPDKIKX0DER,FALSE,USD,199.99,0
B0CHCS9MFF,ASIN,ATVPDKIKX0DER,FALSE,USD,225.99,0
B07BRYQ52B,ASIN,ATVPDKIKX0DER,TRUE,USD,138.54,0
B07BS17HYQ,ASIN,ATVPDKIKX0DER,FALSE,USD,169.99,0
B07BRZD7Y1,ASIN,ATVPDKIKX0DER,FALSE,USD,169.99,0
B07BS57JV5,ASIN,ATVPDKIKX0DER,FALSE,USD,159.99,0
B07M9S8CTG,ASIN,ATVPDKIKX0DER,FALSE,USD,89.99,0
B07F2NVXQ8,ASIN,ATVPDKIKX0DER,TRUE,USD,115.99,0
B07F2NVXQ8,ASIN,ATVPDKIKX0DER,FALSE,USD,115.99,0
B07F7NGCTY,ASIN,ATVPDKIKX0DER,FALSE,USD,115.99,0
B07F2KMBHP,ASIN,ATVPDKIKX0DER,TRUE,USD,115.99,0
B07F7771X5,ASIN,ATVPDKIKX0DER,TRUE,USD,115.99,0
B07F7771X5,ASIN,ATVPDKIKX0DER,TRUE,USD,115.99,0
B07F9SVRHJ,ASIN,ATVPDKIKX0DER,TRUE,USD,115.99,0
B07F9SVRHJ,ASIN,ATVPDKIKX0DER,FALSE,USD,115.99,0
B07FB59RJL,ASIN,ATVPDKIKX0DER,TRUE,USD,115.99,0
B07FJLDMS6,ASIN,ATVPDKIKX0DER,TRUE,USD,115.99,0
B07FJLDMS6,ASIN,ATVPDKIKX0DER,FALSE,USD,102.28,0
B07BRWTZ76,ASIN,ATVPDKIKX0DER,FALSE,USD,89.99,0
B07BGC55V7,ASIN,ATVPDKIKX0DER,FALSE,USD,89.99,0
B07BGBK6S2,ASIN,ATVPDKIKX0DER,FALSE,USD,89.99,0
B07BRVGLT9,ASIN,ATVPDKIKX0DER,FALSE,USD,89.99,0
B07L9LG3Z4,ASIN,ATVPDKIKX0DER,FALSE,USD,69.99,0
B0B9HT6KGX,ASIN,ATVPDKIKX0DER,TRUE,USD,179.99,0
B0B9HQ4TXQ,ASIN,ATVPDKIKX0DER,TRUE,USD,179.99,0
B0B9HS4SC8,ASIN,ATVPDKIKX0DER,TRUE,USD,179.99,0
B0B9HPGJ5N,ASIN,ATVPDKIKX0DER,TRUE,USD,169.99,0
B001AI69KG,ASIN,ATVPDKIKX0DER,TRUE,USD,124.99,0
B001AI69KG,ASIN,ATVPDKIKX0DER,FALSE,USD,124.99,0
B001AI4HNC,ASIN,ATVPDKIKX0DER,TRUE,USD,124.99,0
B001AI4HNC,ASIN,ATVPDKIKX0DER,FALSE,USD,124.99,0
B00KOLSUR0,ASIN,ATVPDKIKX0DER,FALSE,USD,124.99,0
B005W3CNXC,ASIN,ATVPDKIKX0DER,FALSE,USD,124.99,0
B00BPWM2KI,ASIN,ATVPDKIKX0DER,FALSE,USD,124.99,0
B084KNXH5H,ASIN,ATVPDKIKX0DER,FALSE,USD,124.99,0
B084KLB2YF,ASIN,ATVPDKIKX0DER,TRUE,USD,124.99,0
B084KLB2YF,ASIN,ATVPDKIKX0DER,FALSE,USD,124.99,0
B084KLYC6B,ASIN,ATVPDKIKX0DER,TRUE,USD,124.99,0
B084KTQ4S4,ASIN,ATVPDKIKX0DER,FALSE,USD,124.99,0
B084KM7VMS,ASIN,ATVPDKIKX0DER,FALSE,USD,124.99,0
B084KLMK47,ASIN,ATVPDKIKX0DER,FALSE,USD,124.99,0
B084KHY7F1,ASIN,ATVPDKIKX0DER,TRUE,USD,124.99,0
B084KHY7F1,ASIN,ATVPDKIKX0DER,FALSE,USD,124.99,0
B084KGJ5KL,ASIN,ATVPDKIKX0DER,TRUE,USD,124.99,0
B084KGJ5KL,ASIN,ATVPDKIKX0DER,FALSE,USD,124.99,0
B084KLYC68,ASIN,ATVPDKIKX0DER,FALSE,USD,124.99,0
B084KP86LR,ASIN,ATVPDKIKX0DER,FALSE,USD,124.99,0
B084KHY7F4,ASIN,ATVPDKIKX0DER,FALSE,USD,124.99,0
B084KXY9M2,ASIN,ATVPDKIKX0DER,FALSE,USD,124.99,0
B084L2999D,ASIN,ATVPDKIKX0DER,TRUE,USD,124.99,0
B084KQFSXR,ASIN,ATVPDKIKX0DER,FALSE,USD,114.99,0
B084KYW7XB,ASIN,ATVPDKIKX0DER,FALSE,USD,114.99,0
B084KN9QNM,ASIN,ATVPDKIKX0DER,FALSE,USD,114.99,0
B084KL92QN,ASIN,ATVPDKIKX0DER,FALSE,USD,114.99,0
B084KNXH59,ASIN,ATVPDKIKX0DER,TRUE,USD,94.99,0
B084KXM3FV,ASIN,ATVPDKIKX0DER,TRUE,USD,87.29,0
B084KV6QB4,ASIN,ATVPDKIKX0DER,TRUE,USD,99.99,0
B084KGJJG2,ASIN,ATVPDKIKX0DER,TRUE,USD,109.99,0
B084KHDRL6,ASIN,ATVPDKIKX0DER,TRUE,USD,129.99,0
B084KQFSYM,ASIN,ATVPDKIKX0DER,TRUE,USD,144.99,0
B084KV6QBD,ASIN,ATVPDKIKX0DER,TRUE,USD,111.72,0
B084KLB2YV,ASIN,ATVPDKIKX0DER,FALSE,USD,144.99,0
B084KYW7Y8,ASIN,ATVPDKIKX0DER,FALSE,USD,144.99,0
B084KM7VNF,ASIN,ATVPDKIKX0DER,FALSE,USD,144.99,0
B084KTQ4SH,ASIN,ATVPDKIKX0DER,FALSE,USD,144.99,0
B084KGV66G,ASIN,ATVPDKIKX0DER,TRUE,USD,71.99,0
B084L2PKJR,ASIN,ATVPDKIKX0DER,TRUE,USD,99.99,0
B084KS3BPP,ASIN,ATVPDKIKX0DER,TRUE,USD,99.99,0
B0CP6B9SMP,ASIN,ATVPDKIKX0DER,FALSE,USD,4999.99,124.99
B0CLTYX9DN,ASIN,ATVPDKIKX0DER,FALSE,USD,2899.99,124.99
B0CLV1MQRM,ASIN,ATVPDKIKX0DER,FALSE,USD,2599.99,124.99
B08JHC1KFH,ASIN,ATVPDKIKX0DER,FALSE,USD,2999.99,124.99
B0754VX5J6,ASIN,ATVPDKIKX0DER,FALSE,USD,1199.99,449
B0754R8VLZ,ASIN,ATVPDKIKX0DER,FALSE,USD,1199.99,449
B07MDLLH5M,ASIN,ATVPDKIKX0DER,FALSE,USD,1199.99,449
B0754JPPL5,ASIN,ATVPDKIKX0DER,FALSE,USD,1199.99,449
B07M9ZN8M5,ASIN,ATVPDKIKX0DER,FALSE,USD,1199.99,449
B0754TT42Y,ASIN,ATVPDKIKX0DER,FALSE,USD,1299.99,449
B079TF15ZS,ASIN,ATVPDKIKX0DER,FALSE,USD,1099.99,449
B07M9S81YV,ASIN,ATVPDKIKX0DER,FALSE,USD,1099.99,449
B00AK9LMX0,ASIN,ATVPDKIKX0DER,FALSE,USD,27.99,0
B00MEKJB22,ASIN,ATVPDKIKX0DER,FALSE,USD,27.99,0
B00FHSRY7M,ASIN,ATVPDKIKX0DER,FALSE,USD,17.99,0
B00AQVDRKS,ASIN,ATVPDKIKX0DER,FALSE,USD,39.99,0
B01C3GW17S,ASIN,ATVPDKIKX0DER,FALSE,USD,27.99,0
B00IEAKBJS,ASIN,ATVPDKIKX0DER,FALSE,USD,10.99,0
B018RCRI4I,ASIN,ATVPDKIKX0DER,FALSE,USD,15.99,0
B018RBJPEK,ASIN,ATVPDKIKX0DER,FALSE,USD,15.99,0
B07R9ZBY3L,ASIN,ATVPDKIKX0DER,FALSE,USD,39.99,0
B08KYKLYHF,ASIN,ATVPDKIKX0DER,FALSE,USD,24.99,0
B00IUI2A02,ASIN,ATVPDKIKX0DER,FALSE,USD,28.99,0
B01N1ST47C,ASIN,ATVPDKIKX0DER,FALSE,USD,28.99,0
B018REHMHO,ASIN,ATVPDKIKX0DER,FALSE,USD,17.99,0
B00SHO182U,ASIN,ATVPDKIKX0DER,FALSE,USD,16.99,0
B07R4N8FV1,ASIN,ATVPDKIKX0DER,FALSE,USD,23.99,0
B00JCT9C0O,ASIN,ATVPDKIKX0DER,FALSE,USD,38.99,0
B0BQWXD666,ASIN,ATVPDKIKX0DER,FALSE,USD,37.99,0
B08G8ZD7MF,ASIN,ATVPDKIKX0DER,FALSE,USD,29.99,0
B003OARLIC,ASIN,ATVPDKIKX0DER,FALSE,USD,109.95,0
B09L8NQHZ4,ASIN,ATVPDKIKX0DER,FALSE,USD,49.95,0
B0BN4XZPYG,ASIN,ATVPDKIKX0DER,FALSE,USD,329.95,0
B0BN4NLKYD,ASIN,ATVPDKIKX0DER,FALSE,USD,79.95,0
B0CCF2ZQFZ,ASIN,ATVPDKIKX0DER,FALSE,USD,579.95,0
B09MZFSVNT,ASIN,ATVPDKIKX0DER,FALSE,USD,79.95,0
B09MZDYN6K,ASIN,ATVPDKIKX0DER,FALSE,USD,89.95,0
B09MZF5CPL,ASIN,ATVPDKIKX0DER,FALSE,USD,99.95,0
B09LHVMJHT,ASIN,ATVPDKIKX0DER,FALSE,USD,129.95,0
B09LHTNL5L,ASIN,ATVPDKIKX0DER,FALSE,USD,139.95,0
B09LHV8S31,ASIN,ATVPDKIKX0DER,FALSE,USD,149.95,0
B09LHVZF4S,ASIN,ATVPDKIKX0DER,FALSE,USD,159.94,0
B09LHVVHQM,ASIN,ATVPDKIKX0DER,FALSE,USD,225.95,0
B09LHV7H36,ASIN,ATVPDKIKX0DER,FALSE,USD,259.95,0
B09LHWSL77,ASIN,ATVPDKIKX0DER,FALSE,USD,279.95,0
B0C1ZSHSCZ,ASIN,ATVPDKIKX0DER,FALSE,USD,850,0
B0C1ZR12Y9,ASIN,ATVPDKIKX0DER,FALSE,USD,950,0
B0BZK328KK,ASIN,ATVPDKIKX0DER,FALSE,USD,1799,124.99
B07ZRV2DGN,ASIN,ATVPDKIKX0DER,FALSE,USD,149.95,0
B07M95N2HX,ASIN,ATVPDKIKX0DER,FALSE,USD,169.95,0
B01M16KHMJ,ASIN,ATVPDKIKX0DER,FALSE,USD,39.95,0
B07117DNV5,ASIN,ATVPDKIKX0DER,FALSE,USD,39.95,0
B01NCJ0G8S,ASIN,ATVPDKIKX0DER,FALSE,USD,99.95,0
B07YDY3527,ASIN,ATVPDKIKX0DER,FALSE,USD,89.95,0
B09X28SJ37,ASIN,ATVPDKIKX0DER,FALSE,USD,99.95,0
B0BLZQR2VY,ASIN,ATVPDKIKX0DER,FALSE,USD,99.95,0
B08WRQ25J5,ASIN,ATVPDKIKX0DER,FALSE,USD,194.95,0
B074MJ6J9X,ASIN,ATVPDKIKX0DER,FALSE,USD,19.15,0
B074MJ77PK,ASIN,ATVPDKIKX0DER,FALSE,USD,19.15,0
B075QNP7NG,ASIN,ATVPDKIKX0DER,FALSE,USD,19.15,0
B07WHDS4Y7,ASIN,ATVPDKIKX0DER,FALSE,USD,169,9.99
B00CP2403Y,ASIN,ATVPDKIKX0DER,FALSE,USD,36.99,9.99
B00O8AU86Y,ASIN,ATVPDKIKX0DER,FALSE,USD,529,9.99
B07D469Y9T,ASIN,ATVPDKIKX0DER,FALSE,USD,455,9.99
B0192AYA4K,ASIN,ATVPDKIKX0DER,FALSE,USD,31.99,9.99
B071DH2QCS,ASIN,ATVPDKIKX0DER,FALSE,USD,41.99,9.99
B07572QC2Q,ASIN,ATVPDKIKX0DER,FALSE,USD,169,9.99
B004CGB5KW,ASIN,ATVPDKIKX0DER,FALSE,USD,310,9.99
B07P6MTCFL,ASIN,ATVPDKIKX0DER,FALSE,USD,255,9.99
B07PXBTVZ4,ASIN,ATVPDKIKX0DER,FALSE,USD,255,9.99
B00CP240QQ,ASIN,ATVPDKIKX0DER,FALSE,USD,25.99,9.99
B011YRJEJA,ASIN,ATVPDKIKX0DER,FALSE,USD,265,0
B085118DMP,ASIN,ATVPDKIKX0DER,FALSE,USD,245,9.99
B004CGBD86,ASIN,ATVPDKIKX0DER,FALSE,USD,20.99,9.99
B00DVILZBQ,ASIN,ATVPDKIKX0DER,FALSE,USD,317,9.99
B004CG9Q0I,ASIN,ATVPDKIKX0DER,FALSE,USD,245,9.99
B08RYXYF7M,ASIN,ATVPDKIKX0DER,FALSE,USD,47.99,9.99
B00QH86PHG,ASIN,ATVPDKIKX0DER,FALSE,USD,25.99,9.99
B07ZS1HQ15,ASIN,ATVPDKIKX0DER,FALSE,USD,57.99,9.99
B07JN95VZS,ASIN,ATVPDKIKX0DER,TRUE,USD,7.5,0
B010MHXB42,ASIN,ATVPDKIKX0DER,FALSE,USD,16.95,0
B003Q7ULSK,ASIN,ATVPDKIKX0DER,FALSE,USD,24.99,0
B003KUD1NA,ASIN,ATVPDKIKX0DER,FALSE,USD,25.98,0
B09YQF45H4,ASIN,ATVPDKIKX0DER,TRUE,USD,339.95,0
B07Y3VGTZK,ASIN,ATVPDKIKX0DER,FALSE,USD,199.95,0
B08MV9MD1H,ASIN,ATVPDKIKX0DER,TRUE,USD,59.95,0
B08MVB7D9K,ASIN,ATVPDKIKX0DER,FALSE,USD,64.95,0
B08MVBBZ4M,ASIN,ATVPDKIKX0DER,FALSE,USD,64.95,0
B01FVBUSUE,ASIN,ATVPDKIKX0DER,FALSE,USD,89.95,0
B01FVBUTNU,ASIN,ATVPDKIKX0DER,TRUE,USD,89.95,0
B075NQSR86,ASIN,ATVPDKIKX0DER,FALSE,USD,259.95,0
B01JH8FHSU,ASIN,ATVPDKIKX0DER,FALSE,USD,129.99,0
B01JH8FHTE,ASIN,ATVPDKIKX0DER,FALSE,USD,139.99,0
B01JH8FHQM,ASIN,ATVPDKIKX0DER,FALSE,USD,139.99,0
B08ZL88ZQV,ASIN,ATVPDKIKX0DER,FALSE,USD,279.99,0
B093DQGDV7,ASIN,ATVPDKIKX0DER,FALSE,USD,259.99,0
B08PKJJ54S,ASIN,ATVPDKIKX0DER,FALSE,USD,209.99,0
B08NWX2P24,ASIN,ATVPDKIKX0DER,FALSE,USD,209.99,0
B08H5NHC2M,ASIN,ATVPDKIKX0DER,FALSE,USD,229.99,0
B08H5MYH2B,ASIN,ATVPDKIKX0DER,FALSE,USD,229.99,0
B077B63S1V,ASIN,ATVPDKIKX0DER,FALSE,USD,259.99,0
B07ZJT8MX1,ASIN,ATVPDKIKX0DER,FALSE,USD,552.99,0
B092H7HMGZ,ASIN,ATVPDKIKX0DER,FALSE,USD,469.99,0
B07VXZD138,ASIN,ATVPDKIKX0DER,FALSE,USD,449.99,0
B07XWSMQZ1,ASIN,ATVPDKIKX0DER,FALSE,USD,499.99,0
B07XGNGSPJ,ASIN,ATVPDKIKX0DER,FALSE,USD,499.99,0
B07Y8LPNT9,ASIN,ATVPDKIKX0DER,FALSE,USD,499.99,0
B07X5CQ8D9,ASIN,ATVPDKIKX0DER,FALSE,USD,17.99,0
B07FB9PDPJ,ASIN,ATVPDKIKX0DER,FALSE,USD,19.99,0
B07HR16NFR,ASIN,ATVPDKIKX0DER,FALSE,USD,17.99,0
B07NBPTCD2,ASIN,ATVPDKIKX0DER,FALSE,USD,17.99,0
B07HG2S3C2,ASIN,ATVPDKIKX0DER,FALSE,USD,34.99,0
B07XBVKW3Y,ASIN,ATVPDKIKX0DER,FALSE,USD,34.99,0
B083FVPS6L,ASIN,ATVPDKIKX0DER,TRUE,USD,99.95,0
B000PH6UJI,ASIN,ATVPDKIKX0DER,FALSE,USD,259.99,0
B0BRYNRG9D,ASIN,ATVPDKIKX0DER,FALSE,USD,599.99,0
B07XF29DNG,ASIN,ATVPDKIKX0DER,FALSE,USD,24.99,0
B07X9VWGMY,ASIN,ATVPDKIKX0DER,FALSE,USD,24.99,0
B07Q2K9VK1,ASIN,ATVPDKIKX0DER,FALSE,USD,24.99,0
B0961RX4V2,ASIN,ATVPDKIKX0DER,FALSE,USD,24.99,0
B07FBVQJ5K,ASIN,ATVPDKIKX0DER,FALSE,USD,27.99,0
B07FF67JDT,ASIN,ATVPDKIKX0DER,FALSE,USD,27.99,0
B07HQYNBV7,ASIN,ATVPDKIKX0DER,FALSE,USD,27.99,0
B07XH14N7G,ASIN,ATVPDKIKX0DER,FALSE,USD,27.99,0
B07FB6P8TT,ASIN,ATVPDKIKX0DER,FALSE,USD,32.99,0
B071WNYHBD,ASIN,ATVPDKIKX0DER,FALSE,USD,32.99,0
B07HQXQL3H,ASIN,ATVPDKIKX0DER,FALSE,USD,32.99,0
B08W9XJTRR,ASIN,ATVPDKIKX0DER,FALSE,USD,32.99,0
B07X4B1KDS,ASIN,ATVPDKIKX0DER,FALSE,USD,45,0
B07XCZMNHC,ASIN,ATVPDKIKX0DER,TRUE,USD,49.99,0
B07X9WQC1Q,ASIN,ATVPDKIKX0DER,TRUE,USD,49.94,0
B07X8RHBGV,ASIN,ATVPDKIKX0DER,TRUE,USD,47.89,0
B07XF31VJP,ASIN,ATVPDKIKX0DER,TRUE,USD,47.9,0
B07H9CNNJZ,ASIN,ATVPDKIKX0DER,FALSE,USD,219.99,0
B07QMZJM49,ASIN,ATVPDKIKX0DER,FALSE,USD,219.99,0
B07PZDYPPY,ASIN,ATVPDKIKX0DER,FALSE,USD,219.99,0
B0B8M7DXRN,ASIN,ATVPDKIKX0DER,FALSE,USD,199.99,0
B07YCSSTFP,ASIN,ATVPDKIKX0DER,FALSE,USD,179.99,0
B07WS2HTJC,ASIN,ATVPDKIKX0DER,FALSE,USD,369.99,0
B07WWB8R7X,ASIN,ATVPDKIKX0DER,FALSE,USD,369.99,0
B07YCS24LV,ASIN,ATVPDKIKX0DER,FALSE,USD,189.99,0
B01FWSJ9ZG,ASIN,ATVPDKIKX0DER,FALSE,USD,34.95,0
B00TQBAVLM,ASIN,ATVPDKIKX0DER,FALSE,USD,19.95,0
B014I5DS2Y,ASIN,ATVPDKIKX0DER,FALSE,USD,34.95,0
B014I146WO,ASIN,ATVPDKIKX0DER,FALSE,USD,19.95,0
B014I246JQ,ASIN,ATVPDKIKX0DER,FALSE,USD,29.95,0
B00FA3RQBS,ASIN,ATVPDKIKX0DER,FALSE,USD,11.99,0
B07H1N96P7,ASIN,ATVPDKIKX0DER,FALSE,USD,99.99,0
B07YZS5CGT,ASIN,ATVPDKIKX0DER,FALSE,USD,99.99,0
B08D1LB8YR,ASIN,ATVPDKIKX0DER,FALSE,USD,139.99,0
B08D1GYKMF,ASIN,ATVPDKIKX0DER,FALSE,USD,129.99,0
B08D1LQYQ8,ASIN,ATVPDKIKX0DER,FALSE,USD,129.99,0
B08D1L527D,ASIN,ATVPDKIKX0DER,FALSE,USD,199.99,0
B08D1LB8Y3,ASIN,ATVPDKIKX0DER,FALSE,USD,199.99,0
B0176UC0JA,ASIN,ATVPDKIKX0DER,FALSE,USD,340,0
B07SBJ5X6H,ASIN,ATVPDKIKX0DER,FALSE,USD,405,0
B07SBGN7X5,ASIN,ATVPDKIKX0DER,FALSE,USD,420,0
B07YSX12SC,ASIN,ATVPDKIKX0DER,FALSE,USD,18.99,0
B07WRFBHW1,ASIN,ATVPDKIKX0DER,FALSE,USD,24.99,0
B07WSHGTS8,ASIN,ATVPDKIKX0DER,FALSE,USD,24.99,0
B003DS31RU,ASIN,ATVPDKIKX0DER,FALSE,USD,10.99,0
B003DS5Q8C,ASIN,ATVPDKIKX0DER,FALSE,USD,10.99,0
B075G1H1H2,ASIN,ATVPDKIKX0DER,FALSE,USD,229,0
B07H1TVHT2,ASIN,ATVPDKIKX0DER,FALSE,USD,11.95,0
B07G7DCR64,ASIN,ATVPDKIKX0DER,FALSE,USD,14.95,0
B07G7CDY39,ASIN,ATVPDKIKX0DER,FALSE,USD,16.95,0
B072KF2TBN,ASIN,ATVPDKIKX0DER,FALSE,USD,34.95,0
B09BRHLXT3,ASIN,ATVPDKIKX0DER,FALSE,USD,359.99,0
B09BRF2KR1,ASIN,ATVPDKIKX0DER,FALSE,USD,359.99,0
B09H3J7951,ASIN,ATVPDKIKX0DER,FALSE,USD,389.99,0
B086B8T2ZL,ASIN,ATVPDKIKX0DER,FALSE,USD,199,0
B086MK86Z3,ASIN,ATVPDKIKX0DER,FALSE,USD,199.99,0
B085MNY222,ASIN,ATVPDKIKX0DER,FALSE,USD,199,0
B085MNBLKD,ASIN,ATVPDKIKX0DER,FALSE,USD,199,0
B085MNSBF2,ASIN,ATVPDKIKX0DER,FALSE,USD,249,0
B085MN5YR3,ASIN,ATVPDKIKX0DER,FALSE,USD,249,0
B085MN55D9,ASIN,ATVPDKIKX0DER,FALSE,USD,249,0
B0CB75NJ2R,ASIN,ATVPDKIKX0DER,FALSE,USD,219.98,0
B07X58Z9DX,ASIN,ATVPDKIKX0DER,TRUE,USD,44.12,0
B07X36WJZW,ASIN,ATVPDKIKX0DER,FALSE,USD,44.95,0
B07X36WJZW,ASIN,ATVPDKIKX0DER,FALSE,USD,39.95,0
B07X2781D3,ASIN,ATVPDKIKX0DER,FALSE,USD,39.95,0
B07X49ZYBL,ASIN,ATVPDKIKX0DER,FALSE,USD,49.99,0
B07X13CMX7,ASIN,ATVPDKIKX0DER,FALSE,USD,39.95,0
B07X5CQ8DB,ASIN,ATVPDKIKX0DER,FALSE,USD,49.95,0
B07X4B37ND,ASIN,ATVPDKIKX0DER,FALSE,USD,59.95,0
B07X5B6MJJ,ASIN,ATVPDKIKX0DER,FALSE,USD,16.99,0
B07X13BL1X,ASIN,ATVPDKIKX0DER,FALSE,USD,18.99,0
B07HG2H5DQ,ASIN,ATVPDKIKX0DER,FALSE,USD,24.99,0
B07FBRGYF1,ASIN,ATVPDKIKX0DER,FALSE,USD,24.99,0
B07FB6MH84,ASIN,ATVPDKIKX0DER,FALSE,USD,24.99,0
B07HG19Y8M,ASIN,ATVPDKIKX0DER,FALSE,USD,24.99,0
B07HR1BNZX,ASIN,ATVPDKIKX0DER,FALSE,USD,21.98,0
B07X13D975,ASIN,ATVPDKIKX0DER,FALSE,USD,15.99,0
B08T265VQV,ASIN,ATVPDKIKX0DER,FALSE,USD,15.99,0
B002617VNA,ASIN,ATVPDKIKX0DER,FALSE,USD,15.99,0
B00IHQHYPI,ASIN,ATVPDKIKX0DER,FALSE,USD,22.45,0
B00IHQHQI8,ASIN,ATVPDKIKX0DER,FALSE,USD,29.95,0
B09K9GM2B5,ASIN,ATVPDKIKX0DER,FALSE,USD,109.99,0
B08R5QGM59,ASIN,ATVPDKIKX0DER,FALSE,USD,99.99,0
B09S8P6T4F,ASIN,ATVPDKIKX0DER,FALSE,USD,294.99,0
B09S8MQ4NP,ASIN,ATVPDKIKX0DER,FALSE,USD,284.99,0
B00J4WTQ0A,ASIN,ATVPDKIKX0DER,FALSE,USD,25.99,0
B00J4WTQDC,ASIN,ATVPDKIKX0DER,FALSE,USD,25.99,0
B00J4WTTRA,ASIN,ATVPDKIKX0DER,FALSE,USD,25.99,0
B004IAK5IK,ASIN,ATVPDKIKX0DER,FALSE,USD,305,0
B087N4GJX3,ASIN,ATVPDKIKX0DER,FALSE,USD,189.99,0
B087N6T5S3,ASIN,ATVPDKIKX0DER,FALSE,USD,199.99,0
B087MW98WV,ASIN,ATVPDKIKX0DER,FALSE,USD,199.99,0
B087N514ZV,ASIN,ATVPDKIKX0DER,FALSE,USD,199.99,0
B08VF6KJQH,ASIN,ATVPDKIKX0DER,FALSE,USD,339.99,0
B08VF8FC78,ASIN,ATVPDKIKX0DER,FALSE,USD,339.99,0
B078PL9DW8,ASIN,ATVPDKIKX0DER,FALSE,USD,29.95,0
B07X278JTW,ASIN,ATVPDKIKX0DER,FALSE,USD,17.99,0
B07X5CLPVQ,ASIN,ATVPDKIKX0DER,FALSE,USD,17.99,0
B07FBBV31F,ASIN,ATVPDKIKX0DER,FALSE,USD,26.99,0
B07FB5VKJW,ASIN,ATVPDKIKX0DER,FALSE,USD,26.99,0
B07FB4VZ6Z,ASIN,ATVPDKIKX0DER,FALSE,USD,34.99,0
B07SB89XW3,ASIN,ATVPDKIKX0DER,FALSE,USD,34.99,0
B07VCN2W8B,ASIN,ATVPDKIKX0DER,FALSE,USD,14.99,0
B07VFR2F78,ASIN,ATVPDKIKX0DER,FALSE,USD,15.99,0
B0719FC2G1,ASIN,ATVPDKIKX0DER,FALSE,USD,11.49,0
B0725LRD49,ASIN,ATVPDKIKX0DER,FALSE,USD,12.49,0
B0C5474JSR,ASIN,ATVPDKIKX0DER,FALSE,USD,949.99,0
B08N6XZF6D,ASIN,ATVPDKIKX0DER,FALSE,USD,469.95,0
B08KSKHMZ1,ASIN,ATVPDKIKX0DER,FALSE,USD,719.99,0
B0118FPT88,ASIN,ATVPDKIKX0DER,FALSE,USD,1276.99,0
B00T7RGPG0,ASIN,ATVPDKIKX0DER,FALSE,USD,1099.99,0
B07BKQBNH4,ASIN,ATVPDKIKX0DER,FALSE,USD,269,0
B07BKV1VRQ,ASIN,ATVPDKIKX0DER,FALSE,USD,269.99,0
B01K1JS1VE,ASIN,ATVPDKIKX0DER,FALSE,USD,239.99,0
B01K1JRTDK,ASIN,ATVPDKIKX0DER,FALSE,USD,239.99,0
B01K1JRNZE,ASIN,ATVPDKIKX0DER,FALSE,USD,259.99,0
B09H3N6Q9N,ASIN,ATVPDKIKX0DER,FALSE,USD,359.99,0
B09H3MH354,ASIN,ATVPDKIKX0DER,FALSE,USD,359.99,0
B09H3MRCFB,ASIN,ATVPDKIKX0DER,FALSE,USD,399.99,0
B09G3BZP64,ASIN,ATVPDKIKX0DER,FALSE,USD,309.99,0
B09H3LFN2B,ASIN,ATVPDKIKX0DER,FALSE,USD,329.99,0
B018TFPV7O,ASIN,ATVPDKIKX0DER,FALSE,USD,429.99,0
B0184DRCNC,ASIN,ATVPDKIKX0DER,FALSE,USD,399.99,0
B0184DRDRM,ASIN,ATVPDKIKX0DER,FALSE,USD,429.99,0
B07YSXDNBQ,ASIN,ATVPDKIKX0DER,FALSE,USD,219.99,0
B0B8MPF637,ASIN,ATVPDKIKX0DER,FALSE,USD,249.99,0
B0CB75QDBN,ASIN,ATVPDKIKX0DER,FALSE,USD,259.99,0
B0CB75VGP1,ASIN,ATVPDKIKX0DER,FALSE,USD,259.99,0
B0C7WNS6B1,ASIN,ATVPDKIKX0DER,FALSE,USD,599.99,0
B005R0F6DY,ASIN,ATVPDKIKX0DER,FALSE,USD,149.99,0
B08D6WD3FH,ASIN,ATVPDKIKX0DER,FALSE,USD,129.99,0
B08D6Y2829,ASIN,ATVPDKIKX0DER,FALSE,USD,139.99,0
B09BP1J5ZB,ASIN,ATVPDKIKX0DER,FALSE,USD,299.99,0
B09BP1YPW5,ASIN,ATVPDKIKX0DER,FALSE,USD,299.99,0
B0CB77S7QQ,ASIN,ATVPDKIKX0DER,FALSE,USD,129.99,0
B0CB74D4GD,ASIN,ATVPDKIKX0DER,FALSE,USD,349.99,0
B01N5UTLD5,ASIN,ATVPDKIKX0DER,FALSE,USD,99.95,0
B0CD9TR1QQ,ASIN,ATVPDKIKX0DER,FALSE,USD,20.45,0
B0CDNVWW33,ASIN,ATVPDKIKX0DER,FALSE,USD,20.82,0
B0CD969DK9,ASIN,ATVPDKIKX0DER,FALSE,USD,19.99,0
B08DJ9H1HF,ASIN,ATVPDKIKX0DER,FALSE,USD,309.99,0
B08DGX98QM,ASIN,ATVPDKIKX0DER,FALSE,USD,269.99,0
B01N9CIFZ2,ASIN,ATVPDKIKX0DER,FALSE,USD,14.95,0
B0CC6D5WVH,ASIN,ATVPDKIKX0DER,FALSE,USD,219.99,0
B07RG74YN6,ASIN,ATVPDKIKX0DER,FALSE,USD,12.99,0
B07X13CNFD,ASIN,ATVPDKIKX0DER,FALSE,USD,12.99,0
B07X13DPNW,ASIN,ATVPDKIKX0DER,FALSE,USD,12.99,0
B07X275RX8,ASIN,ATVPDKIKX0DER,FALSE,USD,14.99,0
B07RG72GXB,ASIN,ATVPDKIKX0DER,FALSE,USD,12.99,0
B07X13BL3N,ASIN,ATVPDKIKX0DER,FALSE,USD,14.99,0
B07X2781GP,ASIN,ATVPDKIKX0DER,FALSE,USD,13.95,0
B07X49MCC9,ASIN,ATVPDKIKX0DER,FALSE,USD,15.99,0
B07X58W31R,ASIN,ATVPDKIKX0DER,FALSE,USD,17.99,0
B0B8MLHDH6,ASIN,ATVPDKIKX0DER,FALSE,USD,199.99,0
B0776ZK5PQ,ASIN,ATVPDKIKX0DER,FALSE,USD,199.99,0
B0776ZK4JK,ASIN,ATVPDKIKX0DER,FALSE,USD,199.99,0
B00GT3F3SG,ASIN,ATVPDKIKX0DER,FALSE,USD,799.99,0
B00KC6NY5U,ASIN,ATVPDKIKX0DER,FALSE,USD,599.99,0
B0BTFPGLX8,ASIN,ATVPDKIKX0DER,FALSE,USD,799.99,0
B08FXW657D,ASIN,ATVPDKIKX0DER,FALSE,USD,219.99,0
B08FXVFC1F,ASIN,ATVPDKIKX0DER,FALSE,USD,219.99,0
B0B648NK4T,ASIN,ATVPDKIKX0DER,FALSE,USD,229.95,0
B0B651CRDN,ASIN,ATVPDKIKX0DER,FALSE,USD,229.95,0
B0C7XB7ZYG,ASIN,ATVPDKIKX0DER,FALSE,USD,429.95,0
B0757CNLMR,ASIN,ATVPDKIKX0DER,FALSE,USD,339.95,0
B0C7XMV2ZR,ASIN,ATVPDKIKX0DER,FALSE,USD,429.95,0
B0992RH8MZ,ASIN,ATVPDKIKX0DER,FALSE,USD,329.95,0
B0B64C1WGC,ASIN,ATVPDKIKX0DER,FALSE,USD,229.95,0
B0757CVZM9,ASIN,ATVPDKIKX0DER,FALSE,USD,229.99,0
B0C7Y214VF,ASIN,ATVPDKIKX0DER,FALSE,USD,429.94,0
B0992QZXHZ,ASIN,ATVPDKIKX0DER,FALSE,USD,329.95,0
B0B64762LL,ASIN,ATVPDKIKX0DER,FALSE,USD,239.95,0
B0757D281L,ASIN,ATVPDKIKX0DER,FALSE,USD,247.59,0
B007NLQLCA,ASIN,ATVPDKIKX0DER,FALSE,USD,169.95,0
B0C7XNL9L3,ASIN,ATVPDKIKX0DER,FALSE,USD,429.95,0
B07ZJSN5RY,ASIN,ATVPDKIKX0DER,FALSE,USD,249.95,0
B09LNWPZNZ,ASIN,ATVPDKIKX0DER,FALSE,USD,189.95,0
B09LPHCQ75,ASIN,ATVPDKIKX0DER,FALSE,USD,199.95,0
B07ZJNWWMP,ASIN,ATVPDKIKX0DER,FALSE,USD,119.95,0
B07ZJSDH8G,ASIN,ATVPDKIKX0DER,FALSE,USD,119.95,0
B00NGW946A,ASIN,ATVPDKIKX0DER,FALSE,USD,169.99,0
B00NGVOYOS,ASIN,ATVPDKIKX0DER,FALSE,USD,169.99,0
B00NGVSIYU,ASIN,ATVPDKIKX0DER,FALSE,USD,169.99,0
B079KV1N27,ASIN,ATVPDKIKX0DER,FALSE,USD,229.99,0
B06X9P1PDR,ASIN,ATVPDKIKX0DER,FALSE,USD,299.99,0
B06WWQ59SH,ASIN,ATVPDKIKX0DER,FALSE,USD,319.99,0
B06X9JL8Q2,ASIN,ATVPDKIKX0DER,FALSE,USD,319.99,0
B005AX9ARQ,ASIN,ATVPDKIKX0DER,FALSE,USD,199.95,0
B004E54YZE,ASIN,ATVPDKIKX0DER,FALSE,USD,169.95,0
B0CVS9R487,ASIN,ATVPDKIKX0DER,FALSE,USD,249.99,0
B0CVSC9F4K,ASIN,ATVPDKIKX0DER,FALSE,USD,199.99,0
B0CVSDQ772,ASIN,ATVPDKIKX0DER,FALSE,USD,224.99,0
B0CVS9XCDB,ASIN,ATVPDKIKX0DER,FALSE,USD,234.99,0
B07NY3D8V8,ASIN,ATVPDKIKX0DER,FALSE,USD,18.99,0
B07LGDVK5L,ASIN,ATVPDKIKX0DER,FALSE,USD,18.99,0
B086PN3HPC,ASIN,ATVPDKIKX0DER,FALSE,USD,299.94,0
B07V25F5MH,ASIN,ATVPDKIKX0DER,FALSE,USD,299.94,0
B0CVSBT17B,ASIN,ATVPDKIKX0DER,FALSE,USD,399.99,0
B0CVSB5HB9,ASIN,ATVPDKIKX0DER,FALSE,USD,299.99,0
B0CVSCJHYZ,ASIN,ATVPDKIKX0DER,FALSE,USD,349.99,0
B0CVS9VT1Y,ASIN,ATVPDKIKX0DER,FALSE,USD,374.99,0
B0CVS9VGGR,ASIN,ATVPDKIKX0DER,FALSE,USD,299.99,0
B0CVSDGP5J,ASIN,ATVPDKIKX0DER,FALSE,USD,249.99,0
B0CVSFDB34,ASIN,ATVPDKIKX0DER,FALSE,USD,249.99,0
B0CVSC84BW,ASIN,ATVPDKIKX0DER,FALSE,USD,299.99,0
B0CVSCK2F3,ASIN,ATVPDKIKX0DER,FALSE,USD,269.99,0
B0CVSC4GG1,ASIN,ATVPDKIKX0DER,FALSE,USD,269.99,0
B081S8J4YT,ASIN,ATVPDKIKX0DER,FALSE,USD,199.94,0
B07N7N8J69,ASIN,ATVPDKIKX0DER,FALSE,USD,149.99,0
B0BTFQNPG8,ASIN,ATVPDKIKX0DER,FALSE,USD,199.99,0
B000309IYG,ASIN,ATVPDKIKX0DER,FALSE,USD,319.99,0
B003HVZJRS,ASIN,ATVPDKIKX0DER,FALSE,USD,199.99,0
B003G8DOBA,ASIN,ATVPDKIKX0DER,FALSE,USD,199.99,0
B003FKRWB2,ASIN,ATVPDKIKX0DER,FALSE,USD,199.99,0
B001NZEKOI,ASIN,ATVPDKIKX0DER,FALSE,USD,199.99,0
B005HR9MYQ,ASIN,ATVPDKIKX0DER,FALSE,USD,199.99,0
B003B097IM,ASIN,ATVPDKIKX0DER,FALSE,USD,149.99,0
B01KMH9I5I,ASIN,ATVPDKIKX0DER,FALSE,USD,74.95,0
B08DJ91PXQ,ASIN,ATVPDKIKX0DER,FALSE,USD,249.99,0
B08DJ7J7NN,ASIN,ATVPDKIKX0DER,FALSE,USD,249.99,0
B08DJ8HDQP,ASIN,ATVPDKIKX0DER,FALSE,USD,259.99,0
B00LOX0L0Q,ASIN,ATVPDKIKX0DER,FALSE,USD,34.95,0
B09M9BNYYH,ASIN,ATVPDKIKX0DER,FALSE,USD,519.94,0
B000LF01HQ,ASIN,ATVPDKIKX0DER,FALSE,USD,17.99,0
B0084ECJCG,ASIN,ATVPDKIKX0DER,FALSE,USD,18.99,0