"ID Value","ID Type","Is FBA?","Listing Price","Listing Price Currency Code","Shipping Price","Shipping Price Currency Code","Total Fees","Total Fees Currency Code"
B094DSCL6Z,ASIN,,44.99,USD,0,USD,6.75,USD
B073SCSZFJ,ASIN,,44.99,USD,0,USD,5.4,USD
B073SCVH6J,ASIN,,44.99,USD,0,USD,5.4,USD
B07BRXYG6V,ASIN,1,139.99,USD,0,USD,35.77,USD
B07BRXYG6V,ASIN,,134.38,USD,0,USD,20.16,USD
B07F2L8JZH,ASIN,1,102.28,USD,0,USD,30.11,USD
B07F2L8JZH,ASIN,,96.23,USD,0,USD,14.43,USD
B07F2M2WKK,ASIN,1,96.23,USD,0,USD,27.94,USD
B07F2M2WKK,ASIN,,96.23,USD,0,USD,14.43,USD
B07F2KMBHP,ASIN,1,96.23,USD,0,USD,28.78,USD
B07F2KMBHP,ASIN,,96.23,USD,0,USD,14.43,USD
B07F7771X5,ASIN,,96.23,USD,0,USD,14.43,USD
B07F2JR6B5,ASIN,1,96.23,USD,0,USD,27.94,USD
B07F2JR6B5,ASIN,,96.23,USD,0,USD,14.43,USD
B07F2LGL9N,ASIN,1,96.23,USD,0,USD,28.36,USD
B07F2LGL9N,ASIN,,96.23,USD,0,USD,14.43,USD
B07FB59RJL,ASIN,,96.23,USD,0,USD,14.43,USD
B07L9HV7WP,ASIN,,69.99,USD,0,USD,10.5,USD
B07D4RFRZK,ASIN,,69.99,USD,0,USD,10.5,USD
B07HR297JC,ASIN,,99.99,USD,0,USD,15,USD
B09R9B2S2J,ASIN,1,101.84,USD,0,USD,27.95,USD
B001AI69KQ,ASIN,1,124.98,USD,0,USD,38.56,USD
B001AI69KQ,ASIN,,124.98,USD,0,USD,18.75,USD
B00KOLSUR0,ASIN,1,104.03,USD,0,USD,27.85,USD
B005W3CNXC,ASIN,1,124.99,USD,0,USD,31,USD
B00BPWM2KI,ASIN,1,114.07,USD,0,USD,28.94,USD
B084KNXH5H,ASIN,1,124.98,USD,0,USD,30.16,USD
B084KLYC6B,ASIN,,124.98,USD,0,USD,18.75,USD
B084KQ5KMF,ASIN,,124.98,USD,0,USD,18.75,USD
B084KLMK47,ASIN,1,124.98,USD,0,USD,32.68,USD
B084L2999D,ASIN,,124.98,USD,0,USD,18.75,USD
B084KGJ5K3,ASIN,1,89.99,USD,0,USD,24.91,USD
B084KGJ5K3,ASIN,,89.99,USD,0,USD,13.5,USD
B084KQFSXR,ASIN,1,104.94,USD,0,USD,27.99,USD
B084KYW7XB,ASIN,1,91.26,USD,0,USD,24.68,USD
B084KQNWTF,ASIN,,94.99,USD,0,USD,14.25,USD
B084KN9QNM,ASIN,1,86.7,USD,0,USD,27.36,USD
B084KL92QN,ASIN,1,91.26,USD,0,USD,25.94,USD
B084KNXH59,ASIN,,94.99,USD,0,USD,14.25,USD
B084KS3BPS,ASIN,1,91.26,USD,0,USD,25.52,USD
B084KS3BPS,ASIN,,91.26,USD,0,USD,13.69,USD
B084KXM3FV,ASIN,,82.13,USD,0,USD,12.32,USD
B084KQNWTS,ASIN,1,99.99,USD,0,USD,27.25,USD
B084KQNWTS,ASIN,,99.99,USD,0,USD,15,USD
B084KY965J,ASIN,1,86.7,USD,0,USD,26.1,USD
B084KY965J,ASIN,,86.7,USD,0,USD,13.01,USD
B084KV6QB4,ASIN,,99.99,USD,0,USD,15,USD
B084KTSY7T,ASIN,1,144,USD,0,USD,35.11,USD
B084KTSY7T,ASIN,,144,USD,0,USD,21.6,USD
B084KGJJG2,ASIN,,144,USD,0,USD,21.6,USD
B084KHDRL6,ASIN,,144,USD,0,USD,21.6,USD
B084KQFSYM,ASIN,,144.98,USD,0,USD,21.75,USD
B084KV7Q5R,ASIN,1,144,USD,0,USD,32.59,USD
B084KV7Q5R,ASIN,,144,USD,0,USD,21.6,USD
B084KHDRL4,ASIN,,144,USD,0,USD,21.6,USD
B084KHDRL4,ASIN,1,121.38,USD,0,USD,30.04,USD
B084KV6QBD,ASIN,,121.38,USD,0,USD,18.21,USD
B084KV6QBF,ASIN,1,144,USD,0,USD,33.01,USD
B084KV6QBF,ASIN,,144,USD,0,USD,21.6,USD
B084KQFSYL,ASIN,1,102.78,USD,0,USD,27.67,USD
B084KQFSYL,ASIN,,121.38,USD,0,USD,18.21,USD
B084KRDC5P,ASIN,,144,USD,0,USD,21.6,USD
B084KRDC5P,ASIN,1,125.13,USD,0,USD,30.6,USD
B001AI4HJQ,ASIN,,114.99,USD,0,USD,17.25,USD
B084L2PKJR,ASIN,,99.99,USD,0,USD,15,USD
B084KS3BPP,ASIN,,99.99,USD,0,USD,15,USD
B084KGJJFN,ASIN,1,114,USD,0,USD,30.19,USD
B084KGJJFN,ASIN,,99.99,USD,0,USD,15,USD
B084KS3BPQ,ASIN,1,99.99,USD,0,USD,32.29,USD
B084KS3BPQ,ASIN,,99.99,USD,0,USD,15,USD
B084KTSY7B,ASIN,1,114,USD,0,USD,39.85,USD
B084KTSY7B,ASIN,,99.99,USD,0,USD,15,USD
B085J1NB3X,ASIN,,3499.99,USD,0,USD,525,USD
B085J29JG1,ASIN,,3499.99,USD,0,USD,525,USD
B0CP6CWCJC,ASIN,,3499.99,USD,124.99,USD,543.75,USD
B0CP69P72B,ASIN,,3499.99,USD,0,USD,525,USD
B085J1F1WF,ASIN,,4499.99,USD,0,USD,675,USD
B085J1C25H,ASIN,,4499.99,USD,0,USD,675,USD
B0CP6BY19L,ASIN,,4499.99,USD,124.99,USD,693.75,USD
B0CP6B2SFW,ASIN,,4499.99,USD,124.99,USD,693.75,USD
B085J1WQWC,ASIN,,4999.99,USD,124.99,USD,768.75,USD
B085J2CP53,ASIN,,4999.99,USD,124.99,USD,768.75,USD
B0CP6B7WF5,ASIN,,4999.99,USD,124.99,USD,768.75,USD
B0CPFYCQYP,ASIN,,5999.99,USD,124.99,USD,918.75,USD
B0CPGB4CQG,ASIN,,5999.99,USD,124.99,USD,918.75,USD
B0CPGDT6P9,ASIN,,5999.99,USD,124.99,USD,918.75,USD
B085JKC34J,ASIN,,2899.99,USD,124.99,USD,453.75,USD
B085JK7D4M,ASIN,,2899.99,USD,124.99,USD,453.75,USD
B0CLV1Y2RX,ASIN,,2899.99,USD,124.99,USD,453.75,USD
B085JKC34X,ASIN,,2599.99,USD,124.99,USD,408.75,USD
B085JJZQ31,ASIN,,2599.99,USD,124.99,USD,408.75,USD
B0CLV12DWT,ASIN,,2599.99,USD,124.99,USD,408.75,USD
B0CLTZ5HCG,ASIN,,2599.99,USD,124.99,USD,408.75,USD
B085JKC9JM,ASIN,,2599.99,USD,124.99,USD,408.75,USD
B085JKB187,ASIN,,2599.99,USD,124.99,USD,408.75,USD
B0CLTZR9DJ,ASIN,,2599.99,USD,124.99,USD,408.75,USD
B085K32J4R,ASIN,,2999.99,USD,124.99,USD,468.75,USD
B085JQXWCM,ASIN,,2999.99,USD,124.99,USD,468.75,USD
B0CLTZ35RL,ASIN,,2999.99,USD,124.99,USD,468.75,USD
B0754QLFSK,ASIN,,1199.99,USD,449,USD,247.35,USD
B0755456TR,ASIN,,1299.99,USD,449,USD,262.35,USD
B07MKSGF6H,ASIN,,1299.99,USD,449,USD,262.35,USD
B0755M3VTB,ASIN,,999.99,USD,449,USD,217.35,USD
B0755MMTT9,ASIN,,999.99,USD,449,USD,217.35,USD
B07ZHFZXRS,ASIN,,999.99,USD,449,USD,217.35,USD
B075517K38,ASIN,,1099.99,USD,449,USD,232.35,USD
B07YYNB94J,ASIN,,27,USD,0,USD,4.05,USD
B0186EUT8E,ASIN,,15.99,USD,0,USD,1.92,USD
B07P3M4Y9J,ASIN,,43.99,USD,0,USD,3.52,USD
B018REHMI8,ASIN,,17.99,USD,0,USD,2.7,USD
B071LBV2BT,ASIN,,13.99,USD,0,USD,2.1,USD
B076G3CQKH,ASIN,,159.99,USD,0,USD,24,USD
B09J9YF8T1,ASIN,,48.99,USD,0,USD,3.92,USD
B09JBB6QPF,ASIN,,48.99,USD,0,USD,3.92,USD
B0CCF3VG5X,ASIN,,134,USD,0,USD,22.78,USD
B0CCF18M17,ASIN,,134,USD,0,USD,22.78,USD
B0CCF3V5JR,ASIN,,134,USD,0,USD,22.78,USD
B00QMSTZRI,ASIN,,68.99,USD,9.99,USD,11.85,USD
B00G3848EC,ASIN,,27,USD,0,USD,4.05,USD
B0CC6QBLWW,ASIN,,624.99,USD,0,USD,93.75,USD
B08PL7XJTB,ASIN,,69.95,USD,0,USD,11.89,USD
B0CB1SZN6C,ASIN,,199.95,USD,0,USD,29.99,USD
B0BN4MFZ9R,ASIN,,149.94,USD,0,USD,22.49,USD
B0BP2VN23C,ASIN,,179.95,USD,0,USD,26.99,USD
B09L8MQVHQ,ASIN,,69.96,USD,0,USD,11.89,USD
B09L8LD7C6,ASIN,,69.99,USD,0,USD,11.9,USD
B09L8ND6N4,ASIN,,49.95,USD,0,USD,8.49,USD
B0B2FJNYMR,ASIN,,24.94,USD,0,USD,3.74,USD
B0BN4NLLZS,ASIN,,329.95,USD,0,USD,49.49,USD
B0BN4KK4VL,ASIN,,329.95,USD,0,USD,49.49,USD
B0BN4N1DJS,ASIN,,79.94,USD,0,USD,13.59,USD
B0BN4NVXR4,ASIN,,79.99,USD,0,USD,13.6,USD
B0CCF658HN,ASIN,,579.99,USD,0,USD,87,USD
B08LMW76C6,ASIN,,950,USD,0,USD,142.5,USD
B08LMN9QF5,ASIN,,449.99,USD,0,USD,67.5,USD
B08LMMXTZW,ASIN,,495,USD,0,USD,74.25,USD
B08LN2GZ92,ASIN,,550,USD,0,USD,82.5,USD
B08DDD1RS1,ASIN,,225.95,USD,0,USD,33.89,USD
B09LHW48ST,ASIN,,99.94,USD,0,USD,14.99,USD
B09LHVZ44K,ASIN,,159.94,USD,0,USD,23.99,USD
B09LHVTPVX,ASIN,,235.95,USD,0,USD,35.39,USD
B0C1ZSGD1N,ASIN,,849.99,USD,0,USD,127.5,USD
B0C1ZRLD8P,ASIN,,949.99,USD,0,USD,142.5,USD
B0BLTC4YCM,ASIN,,419.94,USD,0,USD,62.99,USD
B0BLTCP8HM,ASIN,,429.94,USD,0,USD,64.49,USD
B0BLTC4SWT,ASIN,,439.94,USD,0,USD,65.99,USD
B0BLT8PYJ6,ASIN,,449.94,USD,0,USD,67.49,USD
B0BLTD73R2,ASIN,,459.94,USD,0,USD,68.99,USD
B0BLTCDJ26,ASIN,,469.94,USD,0,USD,70.49,USD
B0C1ZRYPT5,ASIN,,749.99,USD,0,USD,112.5,USD
B0B25TW9LC,ASIN,,94.99,USD,0,USD,14.25,USD
B0B25TW9LC,ASIN,1,94.99,USD,0,USD,21.11,USD
B0B324KKRR,ASIN,,94.99,USD,0,USD,14.25,USD
B0B324KKRR,ASIN,1,94.99,USD,0,USD,21.58,USD
B0B25RLDDV,ASIN,,79.99,USD,0,USD,12,USD
B0B25RLDDV,ASIN,1,79.99,USD,0,USD,17.89,USD
B0B32Z7BGH,ASIN,,49.99,USD,0,USD,7.5,USD
B0B32Z7BGH,ASIN,1,49.99,USD,0,USD,13.6,USD
B0B326WJ83,ASIN,,34.99,USD,0,USD,5.25,USD
B0B326WJ83,ASIN,1,34.99,USD,0,USD,10,USD
B0B327TDB2,ASIN,,34.99,USD,0,USD,5.25,USD
B0B327TDB2,ASIN,1,34.99,USD,0,USD,9.5,USD
B09PQHPBM3,ASIN,,49.65,USD,0,USD,5.96,USD
B0BYRB9HMK,ASIN,,3299,USD,124.99,USD,513.6,USD
B07XD33VKK,ASIN,,127,USD,0,USD,19.05,USD
B07XF5J5QR,ASIN,,127,USD,0,USD,19.05,USD
B07XB1ZJC1,ASIN,,127,USD,0,USD,19.05,USD
B07XC1ZTNY,ASIN,,127.94,USD,0,USD,19.19,USD
B082MR2533,ASIN,,127.94,USD,0,USD,19.19,USD
B07XF4Z8DP,ASIN,,127,USD,0,USD,19.05,USD
B082MQWRJ9,ASIN,,127.94,USD,0,USD,19.19,USD
B07XB1C2ZK,ASIN,,127,USD,0,USD,19.05,USD
B07XB1XZV7,ASIN,,127.94,USD,0,USD,19.19,USD
B082MR3KP9,ASIN,,94,USD,0,USD,14.1,USD
B07M962LWS,ASIN,,169,USD,0,USD,25.35,USD
B07M5HTH5N,ASIN,,169.94,USD,0,USD,25.49,USD
B07M5HTGJV,ASIN,,169.94,USD,0,USD,25.49,USD
B00063RH0C,ASIN,,64,USD,0,USD,9.6,USD
B00030A1N8,ASIN,,64.94,USD,0,USD,9.74,USD
B00030A1NI,ASIN,,64.99,USD,0,USD,9.75,USD
B003OJQM9M,ASIN,,64,USD,0,USD,9.6,USD
B003F0YK9O,ASIN,,69.9,USD,0,USD,10.49,USD
B003F0SU72,ASIN,,69.94,USD,0,USD,10.49,USD
B079V1J9J8,ASIN,,89.94,USD,0,USD,13.49,USD
B079VV4MYL,ASIN,,104.95,USD,0,USD,15.74,USD
B079VS71YD,ASIN,,104.95,USD,0,USD,15.74,USD
B079V3BP91,ASIN,,65.95,USD,0,USD,9.89,USD
B079V6M5SY,ASIN,,55.95,USD,0,USD,8.39,USD
B001NZK2KO,ASIN,,69.94,USD,0,USD,10.49,USD
B003F0UZ7A,ASIN,,64,USD,0,USD,9.6,USD
B01M16K56E,ASIN,,39.24,USD,0,USD,5.89,USD
B01N4AZUJY,ASIN,,99.94,USD,0,USD,14.99,USD
B01N1PE51Z,ASIN,,99.94,USD,0,USD,14.99,USD
B01NCJ6ID6,ASIN,,99.94,USD,0,USD,14.99,USD
B079VNSRSD,ASIN,,99.94,USD,0,USD,14.99,USD
B085D9HDB1,ASIN,,99.94,USD,0,USD,14.99,USD
B07YDZH6YR,ASIN,,89.94,USD,0,USD,13.49,USD
B07YCTWPQ1,ASIN,,89.95,USD,0,USD,13.49,USD
B07YCPBVFC,ASIN,,89,USD,0,USD,13.35,USD
B07YCTG53Y,ASIN,,89.95,USD,0,USD,13.49,USD
B07YCVLS21,ASIN,,89.95,USD,0,USD,13.49,USD
B09X1ZCXLG,ASIN,,99.94,USD,0,USD,14.99,USD
B09X28BRFC,ASIN,,99.94,USD,0,USD,14.99,USD
B09X29FMXS,ASIN,,99.94,USD,0,USD,14.99,USD
B09X27VSRH,ASIN,,109,USD,0,USD,16.35,USD
B09X29DCS4,ASIN,,109.95,USD,0,USD,16.49,USD
B0BLZNWGNT,ASIN,,99.94,USD,0,USD,14.99,USD
B0BLZMR78N,ASIN,,99.94,USD,0,USD,14.99,USD
B09X2CJZJQ,ASIN,,99.94,USD,0,USD,14.99,USD
B09X29S7LS,ASIN,,99.94,USD,0,USD,14.99,USD
B09X2B3TCK,ASIN,,99.94,USD,0,USD,14.99,USD
B013VO8MTC,ASIN,1,149.99,USD,0,USD,27.69,USD
B013VO8SRS,ASIN,1,149.99,USD,0,USD,27.17,USD
B07FYNQKXL,ASIN,1,149.99,USD,0,USD,27.25,USD
B00B2WMNQO,ASIN,1,149.99,USD,0,USD,27.6,USD
B07BSR399V,ASIN,1,129.99,USD,0,USD,23.82,USD
B07BSTPWQK,ASIN,1,129.99,USD,0,USD,23.82,USD
B07FYR2QXP,ASIN,1,129.99,USD,0,USD,23.82,USD
B00B2VJECG,ASIN,1,129.99,USD,0,USD,23.82,USD
B013VO894U,ASIN,1,129.99,USD,0,USD,23.82,USD
B013VO8KU8,ASIN,1,129.99,USD,0,USD,23.82,USD
B07FYWY9DP,ASIN,1,129.99,USD,0,USD,23.82,USD
B00B2VJHZ0,ASIN,1,129.99,USD,0,USD,25.07,USD
B013VO82HO,ASIN,1,129.99,USD,0,USD,23.82,USD
B013VO8CTC,ASIN,1,129.99,USD,0,USD,23.82,USD
B07FYHTCFY,ASIN,1,129.99,USD,0,USD,23.82,USD
B00B2VJKBQ,ASIN,1,129.99,USD,0,USD,23.82,USD
B013VO92ZA,ASIN,1,149.99,USD,0,USD,27.17,USD
B013VO85LC,ASIN,1,149.99,USD,0,USD,27.17,USD
B07FYHP8Y8,ASIN,1,149.99,USD,0,USD,27.25,USD
B00B2WMOA4,ASIN,1,149.99,USD,0,USD,27.25,USD
B00B2VJGOC,ASIN,1,109.99,USD,0,USD,21.69,USD
B09XFBQNSM,ASIN,1,109.99,USD,0,USD,20.82,USD
B09XFC5XWV,ASIN,1,109.99,USD,0,USD,20.82,USD
B00B2VJJBC,ASIN,1,109,USD,0,USD,20.67,USD
B09XF9QFFL,ASIN,1,109.98,USD,0,USD,21.25,USD
B09XFGPWT2,ASIN,1,109.99,USD,0,USD,20.82,USD
B07FYNQKX9,ASIN,1,379.99,USD,0,USD,62.19,USD
B07FYHRZJJ,ASIN,1,379.99,USD,0,USD,62.19,USD
B07FYFT155,ASIN,1,379.99,USD,0,USD,62.19,USD
B07FYR1763,ASIN,1,379.99,USD,0,USD,62.19,USD
B07FYRDFYT,ASIN,1,379.99,USD,0,USD,62.19,USD
B07FYS5385,ASIN,1,379.99,USD,0,USD,62.19,USD
B07FY948WG,ASIN,1,329.99,USD,0,USD,53.82,USD
B07FYHBWK8,ASIN,1,329.99,USD,0,USD,53.82,USD
B07FY6RZ9M,ASIN,1,329.99,USD,0,USD,53.82,USD
B07FYFW8Y3,ASIN,1,329.99,USD,0,USD,54.25,USD
B07FYHTDFQ,ASIN,1,329.99,USD,0,USD,54.25,USD
B07FYSQ38L,ASIN,1,329.99,USD,0,USD,54.25,USD
B07FYHTCFM,ASIN,1,379.99,USD,0,USD,61.75,USD
B07FYHP8Y2,ASIN,1,379.99,USD,0,USD,61.75,USD
B07FYFV43X,ASIN,1,379.99,USD,0,USD,61.75,USD
B08D7XSP2V,ASIN,1,119.99,USD,0,USD,22.08,USD
B08HSRM53J,ASIN,1,119.99,USD,0,USD,22.32,USD
B08B672CLV,ASIN,1,119.99,USD,0,USD,22.32,USD
B00B2VJQ0Q,ASIN,1,119.99,USD,0,USD,24,USD
B08B54RSJ7,ASIN,1,119.99,USD,0,USD,22.32,USD
B08KGY9JP7,ASIN,1,119.99,USD,0,USD,22.32,USD
B08LMC6LGT,ASIN,1,119.99,USD,0,USD,22.08,USD
B00B2VJS2W,ASIN,1,119.99,USD,0,USD,24,USD
B08B54YGGR,ASIN,1,119.99,USD,0,USD,22.32,USD
B08H4K6CDM,ASIN,1,119,USD,0,USD,22.17,USD
B08D7WMZMS,ASIN,1,119.99,USD,0,USD,22.32,USD
B00B2VJVFG,ASIN,1,119.99,USD,0,USD,24,USD
B00KX5A7NW,ASIN,,154.99,USD,0,USD,23.25,USD
B01CSJ866K,ASIN,,184.99,USD,0,USD,27.75,USD
B01KYXT4OU,ASIN,,34.95,USD,0,USD,5.24,USD
B08B42PYGR,ASIN,1,99.99,USD,0,USD,19.08,USD
B08B44MMD5,ASIN,1,99.99,USD,0,USD,18.86,USD
B08B44314P,ASIN,1,99.99,USD,0,USD,19.32,USD
B08B463VRX,ASIN,1,99.99,USD,0,USD,18.86,USD
B08B43JVTS,ASIN,1,99.99,USD,0,USD,19.08,USD
B08B43PCH8,ASIN,1,99.99,USD,0,USD,18.86,USD
B08B45CQ8W,ASIN,1,99.99,USD,0,USD,19.08,USD
B08B43Z23K,ASIN,1,99.99,USD,0,USD,18.86,USD
B08B42VGD4,ASIN,1,99.99,USD,0,USD,18.86,USD
B08B45VVMX,ASIN,1,99.99,USD,0,USD,18.86,USD
B08B44MYZZ,ASIN,1,99.99,USD,0,USD,18.86,USD
B08B43DT46,ASIN,1,99.99,USD,0,USD,18.86,USD
B08B43LRJ4,ASIN,1,99.99,USD,0,USD,18.86,USD
B08B44K7Z1,ASIN,1,99.99,USD,0,USD,18.86,USD
B08B43PJ6F,ASIN,1,99.99,USD,0,USD,18.86,USD
B08B44HTYS,ASIN,1,129.99,USD,0,USD,23.36,USD
B08B448B2D,ASIN,1,129.99,USD,0,USD,23.36,USD
B08B42QM65,ASIN,1,129.99,USD,0,USD,23.58,USD
B08B4321QB,ASIN,1,129.99,USD,0,USD,23.58,USD
B08B44C6JS,ASIN,1,129.99,USD,0,USD,23.36,USD
B0B2K9Y7WH,ASIN,1,99.99,USD,0,USD,19.75,USD
B09XJ7MD6D,ASIN,1,69.99,USD,0,USD,14.36,USD
B09XJ8MQN6,ASIN,1,69.99,USD,0,USD,14.36,USD
B09XJ8YZD8,ASIN,1,69.99,USD,0,USD,14.36,USD
B09XJ8239C,ASIN,1,69.99,USD,0,USD,14.58,USD
B09XJ7ZGJD,ASIN,1,69.99,USD,0,USD,14.58,USD
B09XJ9BH14,ASIN,1,69.99,USD,0,USD,14.58,USD
B09XJ8TNVB,ASIN,1,69.99,USD,0,USD,14.36,USD
B09XJ84JZR,ASIN,1,69.99,USD,0,USD,14.36,USD
B0B8481H3K,ASIN,1,69.99,USD,0,USD,15.25,USD
B08WRNXXGR,ASIN,,189,USD,0,USD,28.35,USD
B08WRQY2SL,ASIN,,199.93,USD,0,USD,29.99,USD
B075QMFJ4Z,ASIN,,19.99,USD,0,USD,3,USD
B075QNQ6G7,ASIN,,18.99,USD,0,USD,2.85,USD
B075QN567J,ASIN,,19.99,USD,0,USD,3,USD
B003RX6EAC,ASIN,,56.99,USD,9.99,USD,10.05,USD
B008VGQQJY,ASIN,,25.99,USD,9.99,USD,5.4,USD
B00SQ0FUOC,ASIN,,190,USD,9.99,USD,30,USD
B07SHTT11Y,ASIN,,318,USD,9.99,USD,49.2,USD
B01BW6AZ32,ASIN,,20.99,USD,9.99,USD,4.65,USD
B07SHTT1M4,ASIN,,310,USD,9.99,USD,48,USD
B08X6CPP7W,ASIN,,290,USD,9.99,USD,45,USD
B004CG9RGQ,ASIN,,41.99,USD,9.99,USD,7.8,USD
B01NA7H9AI,ASIN,,255,USD,9.99,USD,39.75,USD
B0BYTNDWC3,ASIN,,2799,USD,0,USD,419.85,USD
B01E0LPFIG,ASIN,,34.95,USD,0,USD,5.24,USD
B01E0LPCPW,ASIN,,19.95,USD,0,USD,2.99,USD
B077YXVK9J,ASIN,,19.95,USD,0,USD,2.99,USD
B003Q7ULKI,ASIN,,30.99,USD,0,USD,4.65,USD
B00JS1R302,ASIN,,42.99,USD,0,USD,6.45,USD
B01CQBSTQC,ASIN,,36.95,USD,0,USD,5.54,USD
B071K6TLPL,ASIN,,44.95,USD,0,USD,6.74,USD
B01FZYE0MY,ASIN,,38.2,USD,0,USD,5.73,USD
B01MRTIWNJ,ASIN,,34.95,USD,0,USD,5.24,USD
B077YS927K,ASIN,,15.95,USD,0,USD,2.39,USD
B0000AYCHZ,ASIN,,1349.95,USD,0,USD,202.49,USD
B004U6NBVK,ASIN,,2199.95,USD,0,USD,329.99,USD
B082WH6RYZ,ASIN,,36,USD,0,USD,6.12,USD
B000OYGCIG,ASIN,,35,USD,0,USD,5.95,USD
B082WHKHTC,ASIN,,36,USD,0,USD,6.12,USD
B082WGZN2L,ASIN,,28,USD,0,USD,4.76,USD
B082WG4YYD,ASIN,,29.99,USD,0,USD,5.1,USD
B07J1Y2X35,ASIN,,169.99,USD,0,USD,25.5,USD
B07J21H64T,ASIN,,169.99,USD,0,USD,25.5,USD
B07J1ZG87X,ASIN,,169.99,USD,0,USD,25.5,USD
B07JNCKTQT,ASIN,,189.99,USD,0,USD,28.5,USD
B07QQMT1DS,ASIN,1,339.95,USD,0,USD,68.7,USD
B08WYVSZNF,ASIN,,299.95,USD,0,USD,44.99,USD
B09XJ9Q5ZR,ASIN,1,259.95,USD,0,USD,47.64,USD
B07Y3ZC37R,ASIN,,199.95,USD,0,USD,29.99,USD
B09LKN2DHY,ASIN,,299.95,USD,0,USD,44.99,USD
B001NZPX9E,ASIN,,284.99,USD,0,USD,42.75,USD
B01JH8FHIK,ASIN,,139,USD,0,USD,20.85,USD
B01JH8FHOO,ASIN,,149,USD,0,USD,22.35,USD
B01JH8FHFI,ASIN,,149,USD,0,USD,22.35,USD
B08GFTF79X,ASIN,,259,USD,0,USD,38.85,USD
B08KSJ3FW2,ASIN,,259,USD,0,USD,38.85,USD
B08GFG8K4N,ASIN,,259,USD,0,USD,38.85,USD
B09THQL2VP,ASIN,,229,USD,0,USD,34.35,USD
B09THNYTKG,ASIN,,229,USD,0,USD,34.35,USD
B0C6CTNR2M,ASIN,,509.98,USD,0,USD,76.5,USD
B0CD36YPBY,ASIN,,509.98,USD,0,USD,76.5,USD
B07ZJS3DRY,ASIN,,552.98,USD,0,USD,82.95,USD
B07LFJQDQM,ASIN,,499.95,USD,0,USD,74.99,USD
B0CD38GF3P,ASIN,,595.98,USD,0,USD,89.4,USD
B0CF6MTMLD,ASIN,,574.98,USD,0,USD,86.25,USD
B0CF6P3C19,ASIN,,574.98,USD,0,USD,86.25,USD
B0CF6MWTMX,ASIN,,574.98,USD,0,USD,86.25,USD
B0CD378MQM,ASIN,,784.98,USD,0,USD,117.75,USD
B0CF6BRJ29,ASIN,,679.98,USD,0,USD,102,USD
B09XZ36JFP,ASIN,,711,USD,0,USD,106.65,USD
B092HJRQXR,ASIN,,429.98,USD,0,USD,64.5,USD
B092H3Y2JP,ASIN,,469.98,USD,0,USD,70.5,USD
B093YQ32DG,ASIN,,649.98,USD,0,USD,97.5,USD
B0924RD7VD,ASIN,,649,USD,0,USD,97.35,USD
B0924P8W8G,ASIN,,749,USD,0,USD,112.35,USD
B093YPG94R,ASIN,,649,USD,0,USD,97.35,USD
B00OAC2KEI,ASIN,,11.95,USD,0,USD,1.79,USD
B083S8C2GT,ASIN,,59.95,USD,0,USD,8.99,USD
B083S8C2GT,ASIN,,40,USD,0,USD,6,USD
B083FVPS6L,ASIN,,99.95,USD,0,USD,14.99,USD
B083FVPS6L,ASIN,,74.95,USD,0,USD,11.24,USD
B083CQ75JY,ASIN,,99.95,USD,0,USD,14.99,USD
B083CQ75JY,ASIN,,74.95,USD,0,USD,11.24,USD
B0842C1HZ8,ASIN,,24.95,USD,0,USD,3.74,USD
B003U0583G,ASIN,,94.95,USD,0,USD,14.24,USD
B00ZQ32GL2,ASIN,,99.95,USD,0,USD,14.99,USD
B0BRYMR5PN,ASIN,,599.98,USD,0,USD,90,USD
B07XGZJD4M,ASIN,1,49.94,USD,0,USD,12.68,USD
B08R5MPL66,ASIN,1,48.93,USD,0,USD,11.66,USD
B07XF3C25H,ASIN,1,49.94,USD,0,USD,11.81,USD
B07XBVDWLZ,ASIN,1,49.94,USD,0,USD,11.81,USD
B08R5RJ2B9,ASIN,,49.94,USD,0,USD,7.49,USD
B07X8S6ZBY,ASIN,1,47.46,USD,0,USD,11.44,USD
B08R5QM91K,ASIN,,49.88,USD,0,USD,7.48,USD
B09PQGTYTL,ASIN,,47.45,USD,0,USD,5.69,USD
B099NV58SK,ASIN,,109.98,USD,0,USD,16.5,USD
B09XQW8LBV,ASIN,,899.98,USD,0,USD,135,USD
B09XQWJ1SX,ASIN,,929,USD,0,USD,139.35,USD
B08XXGY1LL,ASIN,,609,USD,0,USD,91.35,USD
B08XW5B5K5,ASIN,,599.98,USD,0,USD,90,USD
B00OAKGE88,ASIN,,19.95,USD,0,USD,2.99,USD
B07B4DQJGG,ASIN,,54.95,USD,0,USD,8.24,USD
B07B1YY9WV,ASIN,,44.95,USD,0,USD,3.6,USD
B07B1YY9WV,ASIN,,31,USD,0,USD,2.48,USD
B07G7DC812,ASIN,,49.95,USD,0,USD,4,USD
B07G7BLBMB,ASIN,,49.95,USD,0,USD,7.49,USD
B081B9QFHX,ASIN,,49.95,USD,0,USD,7.49,USD
B081B9QFHX,ASIN,,25,USD,0,USD,3.75,USD
B001449E2G,ASIN,,329,USD,0,USD,49.35,USD
B001449E2G,ASIN,1,329,USD,0,USD,54.54,USD
B001449DRM,ASIN,,379,USD,0,USD,56.85,USD
B001449DRM,ASIN,1,379,USD,0,USD,64.98,USD
B0B8M9YP6X,ASIN,,199,USD,0,USD,29.85,USD
B0B9T2DR9D,ASIN,,289.98,USD,0,USD,43.5,USD
B0B9T4DWLL,ASIN,,294.99,USD,0,USD,44.25,USD
B0B9T4TJDM,ASIN,,289.98,USD,0,USD,43.5,USD
B0B9T2Y3TM,ASIN,,289.98,USD,0,USD,43.5,USD
B0B9T2RSNL,ASIN,,289.99,USD,0,USD,43.5,USD
B0B9T59N1P,ASIN,,294.99,USD,0,USD,44.25,USD
B016LFDCGQ,ASIN,,14.95,USD,0,USD,2.24,USD
B081R8WZLP,ASIN,,12.95,USD,0,USD,1.94,USD
B08FYRZ847,ASIN,,309.98,USD,0,USD,46.5,USD
B0848GJN3L,ASIN,,289.98,USD,0,USD,43.5,USD
B0848CBYTW,ASIN,,299.98,USD,0,USD,45,USD
B0848P646H,ASIN,,289.98,USD,0,USD,43.5,USD
B08FYSHCYN,ASIN,,299.98,USD,0,USD,45,USD
B096KMWLRX,ASIN,,309,USD,0,USD,46.35,USD
B08PMGZF2Z,ASIN,,309.98,USD,0,USD,46.5,USD
B096KQ3358,ASIN,,319.98,USD,0,USD,48,USD
B07WP76YQV,ASIN,,299,USD,0,USD,44.85,USD
B07WV6SS51,ASIN,,289,USD,0,USD,43.35,USD
B07WWB39VG,ASIN,,299.98,USD,0,USD,45,USD
B07WW7TZ14,ASIN,,289.98,USD,0,USD,43.5,USD
B07WW5BVWP,ASIN,,289.98,USD,0,USD,43.5,USD
B01FWSJABY,ASIN,,19.95,USD,0,USD,2.99,USD
B01FWSJAO6,ASIN,,24.95,USD,0,USD,3.74,USD
B01FWSKCPW,ASIN,,29.95,USD,0,USD,4.49,USD
B01FWSKCPW,ASIN,,19,USD,0,USD,2.85,USD
B0094K2W8U,ASIN,,14.95,USD,0,USD,2.24,USD
B0094K2YO2,ASIN,,24.95,USD,0,USD,3.74,USD
B014I3P4SW,ASIN,,19.95,USD,0,USD,2.99,USD
B014I43J9W,ASIN,,24.95,USD,0,USD,3.74,USD
B014I4J62G,ASIN,,29.95,USD,0,USD,4.49,USD
B071GLHWRT,ASIN,,14.95,USD,0,USD,2.24,USD
B014I1B2TE,ASIN,,24.95,USD,0,USD,3.74,USD
B01KMHVMGG,ASIN,,24.95,USD,0,USD,3.74,USD
B08LN7PMR1,ASIN,,594.99,USD,0,USD,89.25,USD
B07H1DZLPD,ASIN,,99.98,USD,0,USD,15,USD
B07QGXMTG6,ASIN,,99,USD,0,USD,14.85,USD
B08D1LFWBC,ASIN,,139,USD,0,USD,20.85,USD
B08D1JSW5D,ASIN,,139.98,USD,0,USD,21,USD
B08D1MRLBM,ASIN,,129,USD,0,USD,19.35,USD
B08D1JV4ZJ,ASIN,,129,USD,0,USD,19.35,USD
B08D1LB8YL,ASIN,,129.98,USD,0,USD,19.5,USD
B08D1L9NZS,ASIN,,129,USD,0,USD,19.35,USD
B08D1KMNFL,ASIN,,199,USD,0,USD,29.85,USD
B01DUXTEEQ,ASIN,,364.99,USD,0,USD,54.75,USD
B018RHI2ZM,ASIN,,339.99,USD,0,USD,51,USD
B01MRYAYQY,ASIN,,365,USD,0,USD,54.75,USD
B01MRYBIFY,ASIN,,365,USD,0,USD,54.75,USD
B01N7KKG5A,ASIN,,389,USD,0,USD,58.35,USD
B07S7F97MT,ASIN,,404.99,USD,0,USD,60.75,USD
B07S8DBTJP,ASIN,,404.99,USD,0,USD,60.75,USD
B07SBH9R75,ASIN,,419.99,USD,0,USD,63,USD
B07S6C5QXJ,ASIN,,439.98,USD,0,USD,66,USD
B07S9D5N4X,ASIN,,440,USD,0,USD,66,USD
B07YSX11YS,ASIN,,18,USD,0,USD,2.7,USD
B07YSX19PP,ASIN,,24,USD,0,USD,3.6,USD
B07WRF7MKX,ASIN,,24,USD,0,USD,3.6,USD
B07WNKN4SS,ASIN,,29,USD,0,USD,4.35,USD
B07WTFQLKL,ASIN,,34,USD,0,USD,5.1,USD
B07WQZ42B9,ASIN,,34,USD,0,USD,5.1,USD
B07WQZ3DNR,ASIN,,39,USD,0,USD,5.85,USD
B000LF7GAG,ASIN,,10.99,USD,0,USD,1.65,USD
B071X4PK9W,ASIN,,89.95,USD,0,USD,13.49,USD
B07SM3T9GW,ASIN,,11.95,USD,0,USD,1.79,USD
B0844TM8R3,ASIN,,9.95,USD,0,USD,1.49,USD
B08L5Q3SLM,ASIN,,719.99,USD,0,USD,108,USD
B07VCN2W73,ASIN,,269.98,USD,0,USD,40.5,USD
B09MZQ4SGQ,ASIN,,359,USD,0,USD,53.85,USD
B09KK73YW5,ASIN,,359,USD,0,USD,53.85,USD
B09H3M1ZZW,ASIN,,389,USD,0,USD,58.35,USD
B09H3M1ZZW,ASIN,,389,USD,0,USD,58.35,USD
B085MNTWZS,ASIN,,279.99,USD,0,USD,42,USD
B0CB76YR88,ASIN,,219,USD,0,USD,32.85,USD
B0CB768V39,ASIN,,279,USD,0,USD,41.85,USD
B0CB76C1Q3,ASIN,,279,USD,0,USD,41.85,USD
B07X58Z9DX,ASIN,,44.06,USD,0,USD,6.61,USD
B07X36WJZW,ASIN,1,44.95,USD,0,USD,11.49,USD
B07X13DN4D,ASIN,1,40.95,USD,0,USD,10.89,USD
B07X13DN4D,ASIN,,40.95,USD,0,USD,6.14,USD
B084L5CB55,ASIN,1,49.94,USD,0,USD,12.24,USD
B07X2781D3,ASIN,,49.94,USD,0,USD,7.49,USD
B084L4RWGL,ASIN,1,43.95,USD,0,USD,11.34,USD
B07X13BV65,ASIN,,43.44,USD,0,USD,6.52,USD
B07X13BV65,ASIN,,43.44,USD,0,USD,6.52,USD
B07X13CMX7,ASIN,1,44.9,USD,0,USD,11.49,USD
B07X13CMX7,ASIN,,44.9,USD,0,USD,6.74,USD
B07X5DF5Y2,ASIN,1,59.94,USD,0,USD,13.74,USD
B07X5CQ8DB,ASIN,1,59.94,USD,0,USD,14.56,USD
B07X13DBY6,ASIN,1,59.49,USD,0,USD,13.67,USD
B07X13DBY6,ASIN,1,59.49,USD,0,USD,13.67,USD
B07X13DBY6,ASIN,,49.95,USD,0,USD,7.49,USD
B084L4YRNS,ASIN,1,49.99,USD,0,USD,12.25,USD
B07X13D9Q7,ASIN,,59.54,USD,0,USD,8.93,USD
B07X5BDKKY,ASIN,1,43.76,USD,0,USD,11.31,USD
B07X5BDKKY,ASIN,,49.95,USD,0,USD,7.49,USD
B07X59L1R1,ASIN,1,43.31,USD,0,USD,11.25,USD
B07X5BJT53,ASIN,,18.99,USD,0,USD,2.85,USD
B07X36WV8F,ASIN,,18.99,USD,0,USD,2.85,USD
B0BLZPWQRX,ASIN,,139,USD,0,USD,20.85,USD
B0BKC8MTC7,ASIN,,129,USD,0,USD,19.35,USD
B07YQ8C5Z5,ASIN,,6.79,USD,9.99,USD,2.52,USD
B07WXJ886C,ASIN,,12.95,USD,0,USD,1.94,USD
B002612G8K,ASIN,,16.99,USD,0,USD,2.04,USD
B01M300IYN,ASIN,,19,USD,0,USD,2.85,USD
B000SXP2OI,ASIN,,29,USD,0,USD,4.35,USD
B00IA2NLW4,ASIN,,34,USD,0,USD,5.1,USD
B0016D4IKS,ASIN,,119.95,USD,0,USD,17.99,USD
B01N9XGEIF,ASIN,,229.99,USD,0,USD,34.5,USD
B07BRYQ52B,ASIN,,134.38,USD,0,USD,20.16,USD
B09JQFD34T,ASIN,,69.35,USD,0,USD,10.4,USD
B09S8PGZY3,ASIN,,289,USD,0,USD,43.35,USD
B09S8W16Q1,ASIN,,279.99,USD,0,USD,42,USD
B00CZD8RVE,ASIN,,719,USD,0,USD,107.85,USD
B084RNM86N,ASIN,,539.98,USD,0,USD,81,USD
B084RL55P4,ASIN,,539.98,USD,0,USD,81,USD
B084R9LVV2,ASIN,,569.98,USD,0,USD,85.5,USD
B084RR8GN7,ASIN,,569.98,USD,0,USD,85.5,USD
B09CYZG6DD,ASIN,,639.98,USD,0,USD,96,USD
B09CYDBMVH,ASIN,,639.98,USD,0,USD,96,USD
B08FYTCFR6,ASIN,,599,USD,0,USD,89.85,USD
B077NN67MQ,ASIN,,599,USD,0,USD,89.85,USD
B08FYSG4PJ,ASIN,,599,USD,0,USD,89.85,USD
B07ZDHTZFN,ASIN,,25.98,USD,0,USD,3.9,USD
B008MLB1K2,ASIN,,25.98,USD,0,USD,3.9,USD
B07ZDK4L4R,ASIN,,25.94,USD,0,USD,3.89,USD
B008MLDDFS,ASIN,,25.98,USD,0,USD,3.9,USD
B08D1GY9D8,ASIN,,199,USD,0,USD,29.85,USD
B08D1LXGHM,ASIN,,199,USD,0,USD,29.85,USD
B07QX11PDV,ASIN,,169,USD,0,USD,25.35,USD
B087MXWNCD,ASIN,,179.99,USD,0,USD,27,USD
B087N8F6GF,ASIN,,199.99,USD,0,USD,30,USD
B087ND31V4,ASIN,,209,USD,0,USD,31.35,USD
B08VFB1W43,ASIN,,339,USD,0,USD,50.85,USD
B08VF9YJQ1,ASIN,,339.98,USD,0,USD,51,USD
B00QB5J7N4,ASIN,,16.95,USD,0,USD,2.54,USD
B00LX237TA,ASIN,,16.95,USD,0,USD,2.54,USD
B0087ZGVKS,ASIN,,16.95,USD,0,USD,2.54,USD
B00ZD2N8PE,ASIN,,34.95,USD,0,USD,5.24,USD
B078PT2TF2,ASIN,,39.95,USD,0,USD,5.99,USD
B07NNJKHRD,ASIN,,41.95,USD,0,USD,6.29,USD
B07KJSWGXL,ASIN,,41.95,USD,0,USD,6.29,USD
B07X5B5KDL,ASIN,,17.99,USD,0,USD,2.7,USD
B07X36WTTX,ASIN,,26.99,USD,0,USD,4.05,USD
B09MWKNL31,ASIN,,239,USD,0,USD,35.85,USD
B07WVFCZD7,ASIN,,239.99,USD,0,USD,36,USD
B004NG98IW,ASIN,,59.99,USD,0,USD,9,USD
B0001MRYDI,ASIN,,32.9,USD,0,USD,4.94,USD
B0716TWDSK,ASIN,,11.49,USD,0,USD,1.72,USD
B0725KW7Y5,ASIN,,12.29,USD,0,USD,1.84,USD
B071HR88YN,ASIN,,14.99,USD,0,USD,2.25,USD
B072BRKS99,ASIN,,14.99,USD,0,USD,2.25,USD
B0716TWCQL,ASIN,,14.99,USD,0,USD,2.25,USD
B071LBTZTX,ASIN,,12.99,USD,0,USD,1.95,USD
B071LBV4GY,ASIN,,12.99,USD,0,USD,1.95,USD
B071S41NGP,ASIN,,12.99,USD,0,USD,1.95,USD
B071DRHVY5,ASIN,,12.99,USD,0,USD,1.95,USD
B071KXV8CF,ASIN,,14,USD,0,USD,2.1,USD
B072DY69N5,ASIN,,13.59,USD,0,USD,2.04,USD
B072BVQRCG,ASIN,,13.99,USD,0,USD,2.1,USD
B0725LKPN3,ASIN,,16.49,USD,0,USD,2.47,USD
B071LBV1SX,ASIN,,12.49,USD,0,USD,1.87,USD
B0725LRCF9,ASIN,,12.98,USD,0,USD,1.95,USD
B09P8VK8D1,ASIN,,329,USD,0,USD,49.35,USD
B09BK19J4C,ASIN,,319.98,USD,0,USD,48,USD
B09P8WS671,ASIN,,329.98,USD,0,USD,49.5,USD
B0BZZMZC5G,ASIN,,949,USD,0,USD,142.35,USD
B08N6YDC9Q,ASIN,,449,USD,0,USD,67.35,USD
B08N6Y7FZC,ASIN,,469,USD,0,USD,70.35,USD
B0866BBBQQ,ASIN,,999.94,USD,0,USD,149.99,USD
B09H3NFJ5L,ASIN,,329,USD,0,USD,49.35,USD
B09H3N4QB1,ASIN,,359,USD,0,USD,53.85,USD
B0773PTJPN,ASIN,1,1699.94,USD,0,USD,267.66,USD
B071W3H27P,ASIN,1,1599.94,USD,0,USD,252.24,USD
B0BSTP3DGZ,ASIN,,999,USD,0,USD,149.85,USD
B0C7WMSZP2,ASIN,,599,USD,0,USD,89.85,USD
B0C7WP49F8,ASIN,,599,USD,0,USD,89.85,USD
B0C7WNF7Z1,ASIN,,599,USD,0,USD,89.85,USD
B08D6WFDKQ,ASIN,,129.98,USD,0,USD,19.5,USD
B08D6XD141,ASIN,,129.98,USD,0,USD,19.5,USD
B09BP17XDQ,ASIN,,299,USD,0,USD,44.85,USD
B09BP1P3LK,ASIN,,299.97,USD,0,USD,45,USD
B09BP26D35,ASIN,,299,USD,0,USD,44.85,USD
B09BP28GGW,ASIN,,299,USD,0,USD,44.85,USD
B09BP1X1QG,ASIN,,299,USD,0,USD,44.85,USD
B09BP1K96C,ASIN,,299,USD,0,USD,44.85,USD
B09BP35G2X,ASIN,,299,USD,0,USD,44.85,USD
B09BNZBK67,ASIN,,299.97,USD,0,USD,45,USD
B0CB73VTHN,ASIN,,349,USD,0,USD,52.35,USD
B0CB764MVF,ASIN,,349,USD,0,USD,52.35,USD
B0CB753NMJ,ASIN,,349.98,USD,0,USD,52.5,USD
B07VX9JRF7,ASIN,,279.98,USD,0,USD,42,USD
B07VX8B2BH,ASIN,,289.98,USD,0,USD,43.5,USD
B08666NC74,ASIN,,339.94,USD,0,USD,50.99,USD
B08667BM1W,ASIN,,369.94,USD,0,USD,55.49,USD
B09BK1J29T,ASIN,,184,USD,0,USD,27.6,USD
B09BK2BQYV,ASIN,,214,USD,0,USD,32.1,USD
B09BK2FF9W,ASIN,,154.94,USD,0,USD,23.24,USD
B0CD39N84V,ASIN,,18.99,USD,0,USD,2.85,USD
B0CDJVKGS9,ASIN,,18.99,USD,0,USD,2.85,USD
B0CKY43P1J,ASIN,,19.93,USD,0,USD,2.99,USD
B0CDNT2QPT,ASIN,,18.99,USD,0,USD,2.85,USD
B0CDJZ3BV7,ASIN,,18.99,USD,0,USD,2.85,USD
B0CDK6PHSJ,ASIN,,18.99,USD,0,USD,2.85,USD
B0CDKHLLZC,ASIN,,18.99,USD,0,USD,2.85,USD
B0CDJVKGMX,ASIN,,18.99,USD,0,USD,2.85,USD
B0CKY2P7MZ,ASIN,,19.99,USD,0,USD,3,USD
B0CKY43SL4,ASIN,,19.99,USD,0,USD,3,USD
B0CDB1KY1N,ASIN,,19.99,USD,0,USD,3,USD
B0CD9YXX1Y,ASIN,,19.99,USD,0,USD,3,USD
B0CD9JR3LR,ASIN,,19.99,USD,0,USD,3,USD
B08DJ8DW96,ASIN,,409,USD,0,USD,61.35,USD
B0CC69LJFR,ASIN,,229,USD,0,USD,34.35,USD
B0CC69Z4R5,ASIN,,219,USD,0,USD,32.85,USD
B0CC6DCLQD,ASIN,,229.94,USD,0,USD,34.49,USD
B07WGW9QL1,ASIN,,1099.98,USD,0,USD,165,USD
B07XKC414M,ASIN,,1099.98,USD,0,USD,165,USD
B08CY5HPFT,ASIN,,1249.99,USD,0,USD,187.5,USD
B08CY4HRY2,ASIN,,1249.99,USD,0,USD,187.5,USD
B08CY4LZ7H,ASIN,,1349.98,USD,0,USD,202.5,USD
B08CY3X5LR,ASIN,,949.98,USD,0,USD,142.5,USD
B08CY4FXG3,ASIN,,999,USD,0,USD,149.85,USD
B08CY2SDHS,ASIN,,999.98,USD,0,USD,150,USD
B07WK44ZXD,ASIN,,1099.98,USD,0,USD,165,USD
B07X13CMX8,ASIN,,14.99,USD,0,USD,2.25,USD
B07H1N96QH,ASIN,,149,USD,0,USD,22.35,USD
B0B8LVS764,ASIN,,199.98,USD,0,USD,30,USD
B002VL1O2O,ASIN,,489.98,USD,0,USD,73.5,USD
B002VL1NZW,ASIN,,479.98,USD,0,USD,72,USD
B0B8MFFG2C,ASIN,,799.98,USD,0,USD,120,USD
B007NLQ5FS,ASIN,,159,USD,0,USD,23.85,USD
B0B648PW21,ASIN,,229.94,USD,0,USD,34.49,USD
B007NLQ5RG,ASIN,,159.99,USD,0,USD,24,USD
B0B648J9S4,ASIN,,229.94,USD,0,USD,34.49,USD
B0B648KZVQ,ASIN,,229.94,USD,0,USD,34.49,USD
B0B64C41G3,ASIN,,229.94,USD,0,USD,34.49,USD
B007NLQDKU,ASIN,,159,USD,0,USD,23.85,USD
B007NLQ9P4,ASIN,,169,USD,0,USD,25.35,USD
B0831TZGSR,ASIN,,429.94,USD,0,USD,64.49,USD
B007NLQGN4,ASIN,,169,USD,0,USD,25.35,USD
B0831T3633,ASIN,,429,USD,0,USD,64.35,USD
B07ZJRLDW4,ASIN,,279,USD,0,USD,41.85,USD
B007NLQIF0,ASIN,,169.99,USD,0,USD,25.5,USD
B0831T52KZ,ASIN,,429.94,USD,0,USD,64.49,USD
B0C7XPMBSW,ASIN,,429.94,USD,0,USD,64.49,USD
B0992QPJ62,ASIN,,329.94,USD,0,USD,49.49,USD
B0B64976L4,ASIN,,239.94,USD,0,USD,35.99,USD
B0757DJ3BL,ASIN,,339.95,USD,0,USD,50.99,USD
B0831T144L,ASIN,,429.94,USD,0,USD,64.49,USD
B0992T8174,ASIN,,329.94,USD,0,USD,49.49,USD
B0B648DB3M,ASIN,,239.94,USD,0,USD,35.99,USD
B0831TN4ZD,ASIN,,429.99,USD,0,USD,64.5,USD
B0C7XRYG6B,ASIN,,429.94,USD,0,USD,64.49,USD
B0831V38LQ,ASIN,,429.99,USD,0,USD,64.5,USD
B0C7XMLLK5,ASIN,,429.94,USD,0,USD,64.49,USD
B07ZJR5QST,ASIN,,229.94,USD,0,USD,34.49,USD
B07ZJS5GH6,ASIN,,239.95,USD,0,USD,35.99,USD
B07ZJSCFM8,ASIN,,259.95,USD,0,USD,38.99,USD
B09LNZQB8X,ASIN,,179.94,USD,0,USD,26.99,USD
B09LP77FV4,ASIN,,179,USD,0,USD,26.85,USD
B09LNXR5ZK,ASIN,,189.94,USD,0,USD,28.49,USD
B09LPHCBYT,ASIN,,199.94,USD,0,USD,29.99,USD
B07ZJRGPDM,ASIN,,119.94,USD,0,USD,17.99,USD
B001443K6M,ASIN,,1449.94,USD,0,USD,217.49,USD
B0006JIYBC,ASIN,,209,USD,0,USD,31.35,USD
B001443EHW,ASIN,,439.98,USD,0,USD,66,USD
B002VKCY5G,ASIN,,229.98,USD,0,USD,34.5,USD
B002WD5GQQ,ASIN,,239.98,USD,0,USD,36,USD
B002WD3L3G,ASIN,,229.98,USD,0,USD,34.5,USD
B002WDAOCM,ASIN,,229.38,USD,0,USD,34.41,USD
B0043HQUNC,ASIN,,499,USD,0,USD,74.85,USD
B0047IP1OG,ASIN,,509.98,USD,0,USD,76.5,USD
B0042HZEP8,ASIN,,519.98,USD,0,USD,78,USD
B00H9Y4U3S,ASIN,,529.98,USD,0,USD,79.5,USD
B0047IP178,ASIN,,539.98,USD,0,USD,81,USD
B08D6XXS4D,ASIN,,299.99,USD,0,USD,45,USD
B0099GJHGE,ASIN,,13.99,USD,0,USD,2.1,USD
B08XVR1X1P,ASIN,,699,USD,0,USD,104.85,USD
B08XVTNQBF,ASIN,,699.98,USD,0,USD,105,USD
B08XWGGJ33,ASIN,,549.98,USD,0,USD,82.5,USD
B08XVY8Q2G,ASIN,,589.98,USD,0,USD,88.5,USD
B08XW41XMN,ASIN,,589.98,USD,0,USD,88.5,USD
B08XW7GSL6,ASIN,,699,USD,0,USD,104.85,USD
B08XW5Y22B,ASIN,,519,USD,0,USD,77.85,USD
B08XF4451V,ASIN,,499.98,USD,0,USD,75,USD
B08XVV42DY,ASIN,,529,USD,0,USD,79.35,USD
B077H37XZK,ASIN,,319.98,USD,0,USD,48,USD
B077H37XZK,ASIN,,199.99,USD,0,USD,30,USD
B08598PKGT,ASIN,,319.98,USD,0,USD,48,USD
B077PNB8LF,ASIN,,329.98,USD,0,USD,49.5,USD
B074H8LYTN,ASIN,,319.99,USD,0,USD,48,USD
B00PCP75ZG,ASIN,,199.99,USD,0,USD,30,USD
B06X9G5RW4,ASIN,,299.93,USD,0,USD,44.99,USD
B075KQGLRM,ASIN,,96.94,USD,0,USD,14.54,USD
B075KPBSBP,ASIN,,96.95,USD,0,USD,14.54,USD
B075KLN74M,ASIN,,111.94,USD,0,USD,16.79,USD
B00ED36JJQ,ASIN,,209.94,USD,0,USD,31.49,USD
B00FCCVCQC,ASIN,,229.94,USD,0,USD,34.49,USD
B019FUZJTC,ASIN,,219.94,USD,0,USD,32.99,USD
B09ZC7PQR9,ASIN,,169,USD,0,USD,25.35,USD
B09ZCCDWYG,ASIN,,179,USD,0,USD,26.85,USD
B09ZC57DKD,ASIN,,189,USD,0,USD,28.35,USD
B0110HRYV4,ASIN,,189.94,USD,0,USD,28.49,USD
B09ZBM3927,ASIN,,199,USD,0,USD,29.85,USD
B00ED386RE,ASIN,,199.94,USD,0,USD,29.99,USD
B01AKF9COE,ASIN,,154.94,USD,0,USD,23.24,USD
B004E5AJN0,ASIN,,154.95,USD,0,USD,23.24,USD
B008NDY2WI,ASIN,,159.95,USD,0,USD,23.99,USD
B004E5AKJI,ASIN,,179.94,USD,0,USD,26.99,USD
B001PVQQ0Q,ASIN,,119.95,USD,0,USD,17.99,USD
B004E5DOU0,ASIN,,119.99,USD,0,USD,18,USD
B001P9281O,ASIN,,129.95,USD,0,USD,19.49,USD
B084HP2F37,ASIN,,149.99,USD,0,USD,22.5,USD
B084HNZLHX,ASIN,,149.98,USD,0,USD,22.5,USD
B084HNYCTF,ASIN,,149.99,USD,0,USD,22.5,USD
B081TGMV5Z,ASIN,,129.94,USD,0,USD,19.49,USD
B081THP4CZ,ASIN,,129.94,USD,0,USD,19.49,USD
B081TBVP1C,ASIN,,129.94,USD,0,USD,19.49,USD
B07QS5164X,ASIN,,119.94,USD,0,USD,17.99,USD
B081TFZRHD,ASIN,,119.93,USD,0,USD,17.99,USD
B07QGDNB3Y,ASIN,,119.94,USD,0,USD,17.99,USD
B081TJCNPQ,ASIN,,119.94,USD,0,USD,17.99,USD
B07QFC27JK,ASIN,,129.98,USD,0,USD,19.5,USD
B084BPLC53,ASIN,,129.93,USD,0,USD,19.49,USD
B07QGH6T5M,ASIN,,129.98,USD,0,USD,19.5,USD
B082L4WMP1,ASIN,,129.94,USD,0,USD,19.49,USD
B09KDXYMM8,ASIN,,149,USD,0,USD,22.35,USD
B09KF17LHS,ASIN,,149,USD,0,USD,22.35,USD
B09KDZMN3T,ASIN,,149,USD,0,USD,22.35,USD
B09ZBNZ85R,ASIN,,129.99,USD,0,USD,19.5,USD
B09ZBN26K2,ASIN,,139.99,USD,0,USD,21,USD
B07NDJR5KQ,ASIN,,159,USD,0,USD,23.85,USD
B07ND5Q3DW,ASIN,,169,USD,0,USD,25.35,USD
B07ND5YCMX,ASIN,,169.94,USD,0,USD,25.49,USD
B07ND4N6GM,ASIN,,199,USD,0,USD,29.85,USD
B0BYFVJZY2,ASIN,,26.99,USD,0,USD,4.05,USD
B0BYG8L79M,ASIN,,26.99,USD,0,USD,4.05,USD
B0BYFYK9K3,ASIN,,26.99,USD,0,USD,4.05,USD
B0BYFRTQZL,ASIN,,26.99,USD,0,USD,4.05,USD
B0BYG31NDJ,ASIN,,26.99,USD,0,USD,4.05,USD
B0BYFYCC9W,ASIN,,26.99,USD,0,USD,4.05,USD
B07LGDRJN8,ASIN,,18.99,USD,0,USD,2.85,USD
B07N4CL6BX,ASIN,,18.99,USD,0,USD,2.85,USD
B07LGFXPYS,ASIN,,21.99,USD,0,USD,3.3,USD
B07LGF5DWC,ASIN,,21.99,USD,0,USD,3.3,USD
B07LGGMV2J,ASIN,,18,USD,0,USD,2.7,USD
B07N2YM5DP,ASIN,,18,USD,0,USD,2.7,USD
B01N9KLQX8,ASIN,,99.99,USD,0,USD,15,USD
B01NCP4X7O,ASIN,,99.99,USD,0,USD,15,USD
B01N1VBQCL,ASIN,,109.99,USD,0,USD,16.5,USD
B01NCP55AI,ASIN,,109.99,USD,0,USD,16.5,USD
B07CPHPH3S,ASIN,,119.99,USD,0,USD,18,USD
B01MYFHIC7,ASIN,,119.95,USD,0,USD,17.99,USD
B01MZH2USZ,ASIN,,119.95,USD,0,USD,17.99,USD
B0798VMGTT,ASIN,,119.95,USD,0,USD,17.99,USD
B0798W51XJ,ASIN,,119.95,USD,0,USD,17.99,USD
B01N29NSCJ,ASIN,,119.95,USD,0,USD,17.99,USD
B07FYTTDQV,ASIN,,129.94,USD,0,USD,19.49,USD
B06XXX7J94,ASIN,,119.95,USD,0,USD,17.99,USD
B0822XNG6M,ASIN,,129.94,USD,0,USD,19.49,USD
B08MD6ZHLC,ASIN,,99.95,USD,0,USD,14.99,USD
B082MS71RF,ASIN,,299.94,USD,0,USD,44.99,USD
B083V78BZJ,ASIN,,299.94,USD,0,USD,44.99,USD
B00695F89I,ASIN,,149.99,USD,0,USD,22.5,USD
B07N8BJHMV,ASIN,,119.95,USD,0,USD,17.99,USD
B08TV6MWJ1,ASIN,,134.95,USD,0,USD,20.24,USD
B07N8J2VJN,ASIN,,124.94,USD,0,USD,18.74,USD
B07N8HBSQK,ASIN,,139.95,USD,0,USD,20.99,USD
B07N7Y7Y3Q,ASIN,,139.95,USD,0,USD,20.99,USD
B07N7L6X3L,ASIN,,99.95,USD,0,USD,14.99,USD
B07N7LWT93,ASIN,,119.95,USD,0,USD,17.99,USD
B07N7N7LJM,ASIN,,119.99,USD,0,USD,18,USD
B0C6N19XP9,ASIN,,199.93,USD,0,USD,29.99,USD
B0006781N0,ASIN,,299.98,USD,0,USD,45,USD
B0044ZSZOU,ASIN,,309.98,USD,0,USD,46.5,USD
B08XVVB2TL,ASIN,,189.98,USD,0,USD,28.5,USD
B08XVX53KH,ASIN,,189.98,USD,0,USD,28.5,USD
B08XWCWG2D,ASIN,,189.98,USD,0,USD,28.5,USD
B08XW9HYYT,ASIN,,189.98,USD,0,USD,28.5,USD
B08XW1T4Y8,ASIN,,189.98,USD,0,USD,28.5,USD
B08XW4WPRT,ASIN,,189.98,USD,0,USD,28.5,USD
B0BNJWTH1B,ASIN,,189.98,USD,0,USD,28.5,USD
B0BNJWSPFV,ASIN,,189.98,USD,0,USD,28.5,USD
B00I07F42Y,ASIN,,189.98,USD,0,USD,28.5,USD
B008MLESS4,ASIN,,189.98,USD,0,USD,28.5,USD
B08FYRVMG2,ASIN,,219.96,USD,0,USD,32.99,USD
B08FYRFCLF,ASIN,,219.98,USD,0,USD,33,USD
B08FYS314D,ASIN,,219.98,USD,0,USD,33,USD
B08FYR4N7M,ASIN,,219.98,USD,0,USD,33,USD
B08FYRWKS9,ASIN,,219.98,USD,0,USD,33,USD
B08FYRXFCS,ASIN,,219.98,USD,0,USD,33,USD
B08FYSD6QW,ASIN,,219.98,USD,0,USD,33,USD
B08FYSZHWM,ASIN,,219.99,USD,0,USD,33,USD
B08FYS7KZQ,ASIN,,219.98,USD,0,USD,33,USD
B08FYSBNMN,ASIN,,219.98,USD,0,USD,33,USD
B08FYR74ZX,ASIN,,219.98,USD,0,USD,33,USD
B08FYSKLLK,ASIN,,219.98,USD,0,USD,33,USD
B0CD37YN18,ASIN,,420.98,USD,0,USD,63.15,USD
B0CF6CP3DB,ASIN,,442.98,USD,0,USD,66.45,USD
B0CF723VSK,ASIN,,442.98,USD,0,USD,66.45,USD
B0CF6FYYZ4,ASIN,,451,USD,0,USD,67.65,USD
B08LR178VX,ASIN,,329.98,USD,0,USD,49.5,USD
B08LR33Y39,ASIN,,339.98,USD,0,USD,51,USD
B08LQYR5SD,ASIN,,339.98,USD,0,USD,51,USD
B08LQVQ4XF,ASIN,,329.98,USD,0,USD,49.5,USD
B08LQXQSX8,ASIN,,329.98,USD,0,USD,49.5,USD
B08LRMQFC4,ASIN,,329.98,USD,0,USD,49.5,USD
B08LQZLCNM,ASIN,,329.98,USD,0,USD,49.5,USD
B08LQX67NY,ASIN,,329.98,USD,0,USD,49.5,USD
B07XKWK28S,ASIN,,299.98,USD,0,USD,45,USD
B07X5MB6R9,ASIN,,299.98,USD,0,USD,45,USD
B07X4JPBMV,ASIN,,299.98,USD,0,USD,45,USD
B07X6JD79G,ASIN,,299.99,USD,0,USD,45,USD
B07WVZZFNP,ASIN,,299.98,USD,0,USD,45,USD
B07WSSBFJY,ASIN,,299.98,USD,0,USD,45,USD
B07WSS9FNZ,ASIN,,299.98,USD,0,USD,45,USD
B07WDYZCGP,ASIN,,299.98,USD,0,USD,45,USD
B08FYT2K9Z,ASIN,,319.98,USD,0,USD,48,USD
B08XWLXQ21,ASIN,,169,USD,0,USD,25.35,USD
B08XLVQVBL,ASIN,,169.94,USD,0,USD,25.49,USD
B071K6LTVQ,ASIN,,79.95,USD,0,USD,11.99,USD
B0BFBQBGYV,ASIN,,469.98,USD,0,USD,70.5,USD
B08DJB7V4J,ASIN,,235,USD,0,USD,35.25,USD
B08DJ8Z798,ASIN,,259,USD,0,USD,38.85,USD
B071X4PKQZ,ASIN,,39.95,USD,0,USD,5.99,USD
B0CM9QWPCP,ASIN,,328.99,USD,0,USD,49.35,USD
B0CMDGD5FK,ASIN,,368.99,USD,0,USD,55.35,USD
B01A02EZTY,ASIN,,529,USD,0,USD,79.35,USD
B08Y77VSC6,ASIN,,529.94,USD,0,USD,79.49,USD
B019KP9H4K,ASIN,,559,USD,0,USD,83.85,USD
B08Y796213,ASIN,,559.94,USD,0,USD,83.99,USD
B09RLNZPDB,ASIN,,559,USD,0,USD,83.85,USD
B09CXSW9XL,ASIN,,559,USD,0,USD,83.85,USD
B01ANYTF30,ASIN,,589,USD,0,USD,88.35,USD
B09CXVRDFC,ASIN,,589.94,USD,0,USD,88.49,USD
B019KXLKCO,ASIN,,619.94,USD,0,USD,92.99,USD
B09L5FNGQ3,ASIN,,619.94,USD,0,USD,92.99,USD
B0B1RQ2RS1,ASIN,,619.94,USD,0,USD,92.99,USD
B09GL1MXFL,ASIN,,619.94,USD,0,USD,92.99,USD
B079VRB13R,ASIN,,519.94,USD,0,USD,77.99,USD
B0839LSX39,ASIN,,519.94,USD,0,USD,77.99,USD
B09MR8WY6F,ASIN,,519,USD,0,USD,77.85,USD
B09MR9CHF3,ASIN,,519.94,USD,0,USD,77.99,USD
B09M9CCB7V,ASIN,,519.94,USD,0,USD,77.99,USD
B0BHXFQZ31,ASIN,,799.94,USD,0,USD,119.99,USD
B0BLFPR18K,ASIN,,799.94,USD,0,USD,119.99,USD
B0BFC38BLX,ASIN,,819.94,USD,0,USD,122.99,USD
B0C4FWM1S1,ASIN,,819.94,USD,0,USD,122.99,USD
B0BFC4Q2TL,ASIN,,819.94,USD,0,USD,122.99,USD
B0BFC5VP13,ASIN,,819.94,USD,0,USD,122.99,USD
B0BG3DN76N,ASIN,,859.94,USD,0,USD,128.99,USD
B0BG3F12Y7,ASIN,,859.94,USD,0,USD,128.99,USD
B0BG48KD71,ASIN,,859.94,USD,0,USD,128.99,USD
B0BG3B6JG7,ASIN,,859.94,USD,0,USD,128.99,USD
B0BN6WR16W,ASIN,,889.94,USD,0,USD,133.49,USD
B0BN6WLCX9,ASIN,,889.94,USD,0,USD,133.49,USD
B0BN76TD2K,ASIN,,919.94,USD,0,USD,137.99,USD
B0BN6WJC5V,ASIN,,919.94,USD,0,USD,137.99,USD
B0BN6T5L8C,ASIN,,919.94,USD,0,USD,137.99,USD
B0BN6VL9QZ,ASIN,,949.94,USD,0,USD,142.49,USD
B0BN6W146D,ASIN,,949.94,USD,0,USD,142.49,USD
B0BN6VHML3,ASIN,,889.94,USD,0,USD,133.49,USD
B0BTJXG7FT,ASIN,,889.94,USD,0,USD,133.49,USD
B000LEXZAM,ASIN,,17.99,USD,0,USD,2.7,USD
B000LF01H6,ASIN,,16.99,USD,0,USD,2.55,USD
B01KYALNJW,ASIN,,29.95,USD,0,USD,4.49,USD
B077YVN7Y4,ASIN,,11.95,USD,0,USD,1.79,USD
B07NCX8PTF,ASIN,,34.95,USD,0,USD,5.24,USD
B07NCVYVKC,ASIN,,39.95,USD,0,USD,5.99,USD
B09THQL2VP,ASIN,,229,USD,0,USD,34.35,USD
B0714BJ7CL,ASIN,,18.99,USD,0,USD,1.9,USD
B071HTLNHV,ASIN,,18.99,USD,0,USD,1.9,USD
B075QKZJQL,ASIN,,16.99,USD,0,USD,2.55,USD
B07F2ZS7SB,ASIN,,16.99,USD,0,USD,2.55,USD
B073SCP381,ASIN,,34.99,USD,0,USD,5.25,USD
B0CLFPFFQH,ASIN,,199.99,USD,0,USD,30,USD
B0CHCS9MFF,ASIN,,225.99,USD,0,USD,33.9,USD
B07BRYQ52B,ASIN,1,138.54,USD,0,USD,37.65,USD
B07BS17HYQ,ASIN,,169.99,USD,0,USD,25.5,USD
B07BRZD7Y1,ASIN,,169.99,USD,0,USD,25.5,USD
B07BS57JV5,ASIN,,159.99,USD,0,USD,24,USD
B07M9S8CTG,ASIN,,89.99,USD,0,USD,13.5,USD
B07F2NVXQ8,ASIN,1,115.99,USD,0,USD,31.75,USD
B07F2NVXQ8,ASIN,,115.99,USD,0,USD,17.4,USD
B07F7NGCTY,ASIN,,115.99,USD,0,USD,17.4,USD
B07F2KMBHP,ASIN,1,115.99,USD,0,USD,31.75,USD
B07F7771X5,ASIN,1,115.99,USD,0,USD,33.43,USD
B07F7771X5,ASIN,1,115.99,USD,0,USD,33.43,USD
B07F9SVRHJ,ASIN,1,115.99,USD,0,USD,34.69,USD
B07F9SVRHJ,ASIN,,115.99,USD,0,USD,17.4,USD
B07FB59RJL,ASIN,1,115.99,USD,0,USD,31.75,USD
B07FJLDMS6,ASIN,1,115.99,USD,0,USD,33.43,USD
B07FJLDMS6,ASIN,,102.28,USD,0,USD,15.34,USD
B07BRWTZ76,ASIN,,89.99,USD,0,USD,13.5,USD
B07BGC55V7,ASIN,,89.99,USD,0,USD,13.5,USD
B07BGBK6S2,ASIN,,89.99,USD,0,USD,13.5,USD
B07BRVGLT9,ASIN,,89.99,USD,0,USD,13.5,USD
B07L9LG3Z4,ASIN,,69.99,USD,0,USD,10.5,USD
B0B9HT6KGX,ASIN,1,179.99,USD,0,USD,41.77,USD
B0B9HQ4TXQ,ASIN,1,179.99,USD,0,USD,40.51,USD
B0B9HS4SC8,ASIN,1,179.99,USD,0,USD,41.35,USD
B0B9HPGJ5N,ASIN,1,169.99,USD,0,USD,39.01,USD
B001AI69KG,ASIN,1,124.99,USD,0,USD,31.42,USD
B001AI69KG,ASIN,,124.99,USD,0,USD,18.75,USD
B001AI4HNC,ASIN,1,124.99,USD,0,USD,31.42,USD
B001AI4HNC,ASIN,,124.99,USD,0,USD,18.75,USD
B00KOLSUR0,ASIN,,124.99,USD,0,USD,18.75,USD
B005W3CNXC,ASIN,,124.99,USD,0,USD,18.75,USD
B00BPWM2KI,ASIN,,124.99,USD,0,USD,18.75,USD
B084KNXH5H,ASIN,,124.99,USD,0,USD,18.75,USD
B084KLB2YF,ASIN,1,124.99,USD,0,USD,31.42,USD
B084KLB2YF,ASIN,,124.99,USD,0,USD,18.75,USD
B084KLYC6B,ASIN,1,124.99,USD,0,USD,32.26,USD
B084KTQ4S4,ASIN,,124.99,USD,0,USD,18.75,USD
B084KM7VMS,ASIN,,124.99,USD,0,USD,18.75,USD
B084KLMK47,ASIN,,124.99,USD,0,USD,18.75,USD
B084KHY7F1,ASIN,1,124.99,USD,0,USD,30.58,USD
B084KHY7F1,ASIN,,124.99,USD,0,USD,18.75,USD
B084KGJ5KL,ASIN,1,124.99,USD,0,USD,34.36,USD
B084KGJ5KL,ASIN,,124.99,USD,0,USD,18.75,USD
B084KLYC68,ASIN,,124.99,USD,0,USD,18.75,USD
B084KP86LR,ASIN,,124.99,USD,0,USD,18.75,USD
B084KHY7F4,ASIN,,124.99,USD,0,USD,18.75,USD
B084KXY9M2,ASIN,,124.99,USD,0,USD,18.75,USD
B084L2999D,ASIN,1,124.99,USD,0,USD,50.4,USD
B084KQFSXR,ASIN,,114.99,USD,0,USD,17.25,USD
B084KYW7XB,ASIN,,114.99,USD,0,USD,17.25,USD
B084KN9QNM,ASIN,,114.99,USD,0,USD,17.25,USD
B084KL92QN,ASIN,,114.99,USD,0,USD,17.25,USD
B084KNXH59,ASIN,1,94.99,USD,0,USD,26.08,USD
B084KXM3FV,ASIN,1,87.29,USD,0,USD,24.92,USD
B084KV6QB4,ASIN,1,99.99,USD,0,USD,28.51,USD
B084KGJJG2,ASIN,1,109.99,USD,0,USD,28.75,USD
B084KHDRL6,ASIN,1,129.99,USD,0,USD,31.33,USD
B084KQFSYM,ASIN,1,144.99,USD,0,USD,34.42,USD
B084KV6QBD,ASIN,1,111.72,USD,0,USD,45.81,USD
B084KLB2YV,ASIN,,144.99,USD,0,USD,21.75,USD
B084KYW7Y8,ASIN,,144.99,USD,0,USD,21.75,USD
B084KM7VNF,ASIN,,144.99,USD,0,USD,21.75,USD
B084KTQ4SH,ASIN,,144.99,USD,0,USD,21.75,USD
B084KGV66G,ASIN,1,71.99,USD,0,USD,22.21,USD
B084L2PKJR,ASIN,1,99.99,USD,0,USD,28.09,USD
B084KS3BPP,ASIN,1,99.99,USD,0,USD,26.41,USD
B0CP6B9SMP,ASIN,,4999.99,USD,124.99,USD,768.75,USD
B0CLTYX9DN,ASIN,,2899.99,USD,124.99,USD,453.75,USD
B0CLV1MQRM,ASIN,,2599.99,USD,124.99,USD,408.75,USD
B08JHC1KFH,ASIN,,2999.99,USD,124.99,USD,468.75,USD
B0754VX5J6,ASIN,,1199.99,USD,449,USD,247.35,USD
B0754R8VLZ,ASIN,,1199.99,USD,449,USD,247.35,USD
B07MDLLH5M,ASIN,,1199.99,USD,449,USD,247.35,USD
B0754JPPL5,ASIN,,1199.99,USD,449,USD,247.35,USD
B07M9ZN8M5,ASIN,,1199.99,USD,449,USD,247.35,USD
B0754TT42Y,ASIN,,1299.99,USD,449,USD,262.35,USD
B079TF15ZS,ASIN,,1099.99,USD,449,USD,232.35,USD
B07M9S81YV,ASIN,,1099.99,USD,449,USD,232.35,USD
B00AK9LMX0,ASIN,,27.99,USD,0,USD,4.2,USD
B00MEKJB22,ASIN,,27.99,USD,0,USD,4.2,USD
B00FHSRY7M,ASIN,,17.99,USD,0,USD,2.7,USD
B00AQVDRKS,ASIN,,39.99,USD,0,USD,6,USD
B01C3GW17S,ASIN,,27.99,USD,0,USD,4.2,USD
B00IEAKBJS,ASIN,,10.99,USD,0,USD,1.65,USD
B018RCRI4I,ASIN,,15.99,USD,0,USD,2.4,USD
B018RBJPEK,ASIN,,15.99,USD,0,USD,2.4,USD
B07R9ZBY3L,ASIN,,39.99,USD,0,USD,3.2,USD
B08KYKLYHF,ASIN,,24.99,USD,0,USD,2,USD
B00IUI2A02,ASIN,,28.99,USD,0,USD,4.35,USD
B01N1ST47C,ASIN,,28.99,USD,0,USD,4.35,USD
B018REHMHO,ASIN,,17.99,USD,0,USD,2.7,USD
B00SHO182U,ASIN,,16.99,USD,0,USD,2.55,USD
B07R4N8FV1,ASIN,,23.99,USD,0,USD,3.6,USD
B00JCT9C0O,ASIN,,38.99,USD,0,USD,5.85,USD
B0BQWXD666,ASIN,,37.99,USD,0,USD,5.7,USD
B08G8ZD7MF,ASIN,,29.99,USD,0,USD,4.5,USD
B003OARLIC,ASIN,,109.95,USD,0,USD,16.49,USD
B09L8NQHZ4,ASIN,,49.95,USD,0,USD,8.49,USD
B0BN4XZPYG,ASIN,,329.95,USD,0,USD,49.49,USD
B0BN4NLKYD,ASIN,,79.95,USD,0,USD,13.59,USD
B0CCF2ZQFZ,ASIN,,579.95,USD,0,USD,86.99,USD
B09MZFSVNT,ASIN,,79.95,USD,0,USD,11.99,USD
B09MZDYN6K,ASIN,,89.95,USD,0,USD,13.49,USD
B09MZF5CPL,ASIN,,99.95,USD,0,USD,14.99,USD
B09LHVMJHT,ASIN,,129.95,USD,0,USD,19.49,USD
B09LHTNL5L,ASIN,,139.95,USD,0,USD,20.99,USD
B09LHV8S31,ASIN,,149.95,USD,0,USD,22.49,USD
B09LHVZF4S,ASIN,,159.94,USD,0,USD,23.99,USD
B09LHVVHQM,ASIN,,225.95,USD,0,USD,33.89,USD
B09LHV7H36,ASIN,,259.95,USD,0,USD,38.99,USD
B09LHWSL77,ASIN,,279.95,USD,0,USD,41.99,USD
B0C1ZSHSCZ,ASIN,,850,USD,0,USD,127.5,USD
B0C1ZR12Y9,ASIN,,950,USD,0,USD,142.5,USD
B0BZK328KK,ASIN,,1799,USD,124.99,USD,288.6,USD
B07ZRV2DGN,ASIN,,149.95,USD,0,USD,22.49,USD
B07M95N2HX,ASIN,,169.95,USD,0,USD,25.49,USD
B01M16KHMJ,ASIN,,39.95,USD,0,USD,5.99,USD
B07117DNV5,ASIN,,39.95,USD,0,USD,5.99,USD
B01NCJ0G8S,ASIN,,99.95,USD,0,USD,14.99,USD
B07YDY3527,ASIN,,89.95,USD,0,USD,13.49,USD
B09X28SJ37,ASIN,,99.95,USD,0,USD,14.99,USD
B0BLZQR2VY,ASIN,,99.95,USD,0,USD,14.99,USD
B08WRQ25J5,ASIN,,194.95,USD,0,USD,29.24,USD
B074MJ6J9X,ASIN,,19.15,USD,0,USD,2.87,USD
B074MJ77PK,ASIN,,19.15,USD,0,USD,2.87,USD
B075QNP7NG,ASIN,,19.15,USD,0,USD,2.87,USD
B07WHDS4Y7,ASIN,,169,USD,9.99,USD,26.85,USD
B00CP2403Y,ASIN,,36.99,USD,9.99,USD,7.05,USD
B00O8AU86Y,ASIN,,529,USD,9.99,USD,80.85,USD
B07D469Y9T,ASIN,,455,USD,9.99,USD,69.75,USD
B0192AYA4K,ASIN,,31.99,USD,9.99,USD,6.3,USD
B071DH2QCS,ASIN,,41.99,USD,9.99,USD,7.8,USD
B07572QC2Q,ASIN,,169,USD,9.99,USD,26.85,USD
B004CGB5KW,ASIN,,310,USD,9.99,USD,48,USD
B07P6MTCFL,ASIN,,255,USD,9.99,USD,39.75,USD
B07PXBTVZ4,ASIN,,255,USD,9.99,USD,39.75,USD
B00CP240QQ,ASIN,,25.99,USD,9.99,USD,5.4,USD
B011YRJEJA,ASIN,,265,USD,0,USD,39.75,USD
B085118DMP,ASIN,,245,USD,9.99,USD,38.25,USD
B004CGBD86,ASIN,,20.99,USD,9.99,USD,4.65,USD
B00DVILZBQ,ASIN,,317,USD,9.99,USD,49.05,USD
B004CG9Q0I,ASIN,,245,USD,9.99,USD,38.25,USD
B08RYXYF7M,ASIN,,47.99,USD,9.99,USD,8.7,USD
B00QH86PHG,ASIN,,25.99,USD,9.99,USD,5.4,USD
B07ZS1HQ15,ASIN,,57.99,USD,9.99,USD,10.2,USD
B07JN95VZS,ASIN,1,7.5,USD,0,USD,4.22,USD
B010MHXB42,ASIN,,16.95,USD,0,USD,2.54,USD
B003Q7ULSK,ASIN,,24.99,USD,0,USD,3.75,USD
B003KUD1NA,ASIN,,25.98,USD,0,USD,3.9,USD
B09YQF45H4,ASIN,1,339.95,USD,0,USD,66.96,USD
B07Y3VGTZK,ASIN,,199.95,USD,0,USD,29.99,USD
B08MV9MD1H,ASIN,1,59.95,USD,0,USD,12.69,USD
B08MVB7D9K,ASIN,,64.95,USD,0,USD,9.74,USD
B08MVBBZ4M,ASIN,,64.95,USD,0,USD,9.74,USD
B01FVBUSUE,ASIN,,89.95,USD,0,USD,13.49,USD
B01FVBUTNU,ASIN,1,89.95,USD,0,USD,19.14,USD
B075NQSR86,ASIN,,259.95,USD,0,USD,31.19,USD
B01JH8FHSU,ASIN,,129.99,USD,0,USD,19.5,USD
B01JH8FHTE,ASIN,,139.99,USD,0,USD,21,USD
B01JH8FHQM,ASIN,,139.99,USD,0,USD,21,USD
B08ZL88ZQV,ASIN,,279.99,USD,0,USD,42,USD
B093DQGDV7,ASIN,,259.99,USD,0,USD,39,USD
B08PKJJ54S,ASIN,,209.99,USD,0,USD,31.5,USD
B08NWX2P24,ASIN,,209.99,USD,0,USD,31.5,USD
B08H5NHC2M,ASIN,,229.99,USD,0,USD,34.5,USD
B08H5MYH2B,ASIN,,229.99,USD,0,USD,34.5,USD
B077B63S1V,ASIN,,259.99,USD,0,USD,39,USD
B07ZJT8MX1,ASIN,,552.99,USD,0,USD,82.95,USD
B092H7HMGZ,ASIN,,469.99,USD,0,USD,70.5,USD
B07VXZD138,ASIN,,449.99,USD,0,USD,67.5,USD
B07XWSMQZ1,ASIN,,499.99,USD,0,USD,75,USD
B07XGNGSPJ,ASIN,,499.99,USD,0,USD,75,USD
B07Y8LPNT9,ASIN,,499.99,USD,0,USD,75,USD
B07X5CQ8D9,ASIN,,17.99,USD,0,USD,2.7,USD
B07FB9PDPJ,ASIN,,19.99,USD,0,USD,3,USD
B07HR16NFR,ASIN,,17.99,USD,0,USD,2.7,USD
B07NBPTCD2,ASIN,,17.99,USD,0,USD,2.7,USD
B07HG2S3C2,ASIN,,34.99,USD,0,USD,5.25,USD
B07XBVKW3Y,ASIN,,34.99,USD,0,USD,5.25,USD
B083FVPS6L,ASIN,1,99.95,USD,0,USD,25.14,USD
B000PH6UJI,ASIN,,259.99,USD,0,USD,39,USD
B0BRYNRG9D,ASIN,,599.99,USD,0,USD,90,USD
B07XF29DNG,ASIN,,24.99,USD,0,USD,3.75,USD
B07X9VWGMY,ASIN,,24.99,USD,0,USD,3.75,USD
B07Q2K9VK1,ASIN,,24.99,USD,0,USD,3.75,USD
B0961RX4V2,ASIN,,24.99,USD,0,USD,3.75,USD
B07FBVQJ5K,ASIN,,27.99,USD,0,USD,4.2,USD
B07FF67JDT,ASIN,,27.99,USD,0,USD,4.2,USD
B07HQYNBV7,ASIN,,27.99,USD,0,USD,4.2,USD
B07XH14N7G,ASIN,,27.99,USD,0,USD,4.2,USD
B07FB6P8TT,ASIN,,32.99,USD,0,USD,4.95,USD
B071WNYHBD,ASIN,,32.99,USD,0,USD,4.95,USD
B07HQXQL3H,ASIN,,32.99,USD,0,USD,4.95,USD
B08W9XJTRR,ASIN,,32.99,USD,0,USD,4.95,USD
B07X4B1KDS,ASIN,,45,USD,0,USD,6.75,USD
B07XCZMNHC,ASIN,1,49.99,USD,0,USD,11.82,USD
B07X9WQC1Q,ASIN,1,49.94,USD,0,USD,11.81,USD
B07X8RHBGV,ASIN,1,47.89,USD,0,USD,11.5,USD
B07XF31VJP,ASIN,1,47.9,USD,0,USD,11.51,USD
B07H9CNNJZ,ASIN,,219.99,USD,0,USD,33,USD
B07QMZJM49,ASIN,,219.99,USD,0,USD,33,USD
B07PZDYPPY,ASIN,,219.99,USD,0,USD,33,USD
B0B8M7DXRN,ASIN,,199.99,USD,0,USD,30,USD
B07YCSSTFP,ASIN,,179.99,USD,0,USD,27,USD
B07WS2HTJC,ASIN,,369.99,USD,0,USD,55.5,USD
B07WWB8R7X,ASIN,,369.99,USD,0,USD,55.5,USD
B07YCS24LV,ASIN,,189.99,USD,0,USD,28.5,USD
B01FWSJ9ZG,ASIN,,34.95,USD,0,USD,5.24,USD
B00TQBAVLM,ASIN,,19.95,USD,0,USD,2.99,USD
B014I5DS2Y,ASIN,,34.95,USD,0,USD,5.24,USD
B014I146WO,ASIN,,19.95,USD,0,USD,2.99,USD
B014I246JQ,ASIN,,29.95,USD,0,USD,4.49,USD
B00FA3RQBS,ASIN,,11.99,USD,0,USD,1.8,USD
B07H1N96P7,ASIN,,99.99,USD,0,USD,15,USD
B07YZS5CGT,ASIN,,99.99,USD,0,USD,15,USD
B08D1LB8YR,ASIN,,139.99,USD,0,USD,21,USD
B08D1GYKMF,ASIN,,129.99,USD,0,USD,19.5,USD
B08D1LQYQ8,ASIN,,129.99,USD,0,USD,19.5,USD
B08D1L527D,ASIN,,199.99,USD,0,USD,30,USD
B08D1LB8Y3,ASIN,,199.99,USD,0,USD,30,USD
B0176UC0JA,ASIN,,340,USD,0,USD,51,USD
B07SBJ5X6H,ASIN,,405,USD,0,USD,60.75,USD
B07SBGN7X5,ASIN,,420,USD,0,USD,63,USD
B07YSX12SC,ASIN,,18.99,USD,0,USD,2.85,USD
B07WRFBHW1,ASIN,,24.99,USD,0,USD,3.75,USD
B07WSHGTS8,ASIN,,24.99,USD,0,USD,3.75,USD
B003DS31RU,ASIN,,10.99,USD,0,USD,1.65,USD
B003DS5Q8C,ASIN,,10.99,USD,0,USD,1.65,USD
B075G1H1H2,ASIN,,229,USD,0,USD,34.35,USD
B07H1TVHT2,ASIN,,11.95,USD,0,USD,1.79,USD
B07G7DCR64,ASIN,,14.95,USD,0,USD,2.24,USD
B07G7CDY39,ASIN,,16.95,USD,0,USD,2.54,USD
B072KF2TBN,ASIN,,34.95,USD,0,USD,5.24,USD
B09BRHLXT3,ASIN,,359.99,USD,0,USD,54,USD
B09BRF2KR1,ASIN,,359.99,USD,0,USD,54,USD
B09H3J7951,ASIN,,389.99,USD,0,USD,58.5,USD
B086B8T2ZL,ASIN,,199,USD,0,USD,29.85,USD
B086MK86Z3,ASIN,,199.99,USD,0,USD,30,USD
B085MNY222,ASIN,,199,USD,0,USD,29.85,USD
B085MNBLKD,ASIN,,199,USD,0,USD,29.85,USD
B085MNSBF2,ASIN,,249,USD,0,USD,37.35,USD
B085MN5YR3,ASIN,,249,USD,0,USD,37.35,USD
B085MN55D9,ASIN,,249,USD,0,USD,37.35,USD
B0CB75NJ2R,ASIN,,219.98,USD,0,USD,33,USD
B07X58Z9DX,ASIN,1,44.12,USD,0,USD,11.37,USD
B07X36WJZW,ASIN,,44.95,USD,0,USD,6.74,USD
B07X36WJZW,ASIN,,39.95,USD,0,USD,5.99,USD
B07X2781D3,ASIN,,39.95,USD,0,USD,5.99,USD
B07X49ZYBL,ASIN,,49.99,USD,0,USD,7.5,USD
B07X13CMX7,ASIN,,39.95,USD,0,USD,5.99,USD
B07X5CQ8DB,ASIN,,49.95,USD,0,USD,7.49,USD
B07X4B37ND,ASIN,,59.95,USD,0,USD,8.99,USD
B07X5B6MJJ,ASIN,,16.99,USD,0,USD,2.55,USD
B07X13BL1X,ASIN,,18.99,USD,0,USD,2.85,USD
B07HG2H5DQ,ASIN,,24.99,USD,0,USD,3.75,USD
B07FBRGYF1,ASIN,,24.99,USD,0,USD,3.75,USD
B07FB6MH84,ASIN,,24.99,USD,0,USD,3.75,USD
B07HG19Y8M,ASIN,,24.99,USD,0,USD,3.75,USD
B07HR1BNZX,ASIN,,21.98,USD,0,USD,3.3,USD
B07X13D975,ASIN,,15.99,USD,0,USD,2.4,USD
B08T265VQV,ASIN,,15.99,USD,0,USD,2.4,USD
B002617VNA,ASIN,,15.99,USD,0,USD,2.4,USD
B00IHQHYPI,ASIN,,22.45,USD,0,USD,3.37,USD
B00IHQHQI8,ASIN,,29.95,USD,0,USD,4.49,USD
B09K9GM2B5,ASIN,,109.99,USD,0,USD,16.5,USD
B08R5QGM59,ASIN,,99.99,USD,0,USD,15,USD
B09S8P6T4F,ASIN,,294.99,USD,0,USD,44.25,USD
B09S8MQ4NP,ASIN,,284.99,USD,0,USD,42.75,USD
B00J4WTQ0A,ASIN,,25.99,USD,0,USD,3.9,USD
B00J4WTQDC,ASIN,,25.99,USD,0,USD,3.9,USD
B00J4WTTRA,ASIN,,25.99,USD,0,USD,3.9,USD
B004IAK5IK,ASIN,,305,USD,0,USD,45.75,USD
B087N4GJX3,ASIN,,189.99,USD,0,USD,28.5,USD
B087N6T5S3,ASIN,,199.99,USD,0,USD,30,USD
B087MW98WV,ASIN,,199.99,USD,0,USD,30,USD
B087N514ZV,ASIN,,199.99,USD,0,USD,30,USD
B08VF6KJQH,ASIN,,339.99,USD,0,USD,51,USD
B08VF8FC78,ASIN,,339.99,USD,0,USD,51,USD
B078PL9DW8,ASIN,,29.95,USD,0,USD,4.49,USD
B07X278JTW,ASIN,,17.99,USD,0,USD,2.7,USD
B07X5CLPVQ,ASIN,,17.99,USD,0,USD,2.7,USD
B07FBBV31F,ASIN,,26.99,USD,0,USD,4.05,USD
B07FB5VKJW,ASIN,,26.99,USD,0,USD,4.05,USD
B07FB4VZ6Z,ASIN,,34.99,USD,0,USD,5.25,USD
B07SB89XW3,ASIN,,34.99,USD,0,USD,5.25,USD
B07VCN2W8B,ASIN,,14.99,USD,0,USD,2.25,USD
B07VFR2F78,ASIN,,15.99,USD,0,USD,2.4,USD
B0719FC2G1,ASIN,,11.49,USD,0,USD,1.72,USD
B0725LRD49,ASIN,,12.49,USD,0,USD,1.87,USD
B0C5474JSR,ASIN,,949.99,USD,0,USD,142.5,USD
B08N6XZF6D,ASIN,,469.95,USD,0,USD,70.49,USD
B08KSKHMZ1,ASIN,,719.99,USD,0,USD,108,USD
B0118FPT88,ASIN,,1276.99,USD,0,USD,191.55,USD
B00T7RGPG0,ASIN,,1099.99,USD,0,USD,165,USD
B07BKQBNH4,ASIN,,269,USD,0,USD,40.35,USD
B07BKV1VRQ,ASIN,,269.99,USD,0,USD,40.5,USD
B01K1JS1VE,ASIN,,239.99,USD,0,USD,36,USD
B01K1JRTDK,ASIN,,239.99,USD,0,USD,36,USD
B01K1JRNZE,ASIN,,259.99,USD,0,USD,39,USD
B09H3N6Q9N,ASIN,,359.99,USD,0,USD,54,USD
B09H3MH354,ASIN,,359.99,USD,0,USD,54,USD
B09H3MRCFB,ASIN,,399.99,USD,0,USD,60,USD
B09G3BZP64,ASIN,,309.99,USD,0,USD,46.5,USD
B09H3LFN2B,ASIN,,329.99,USD,0,USD,49.5,USD
B018TFPV7O,ASIN,,429.99,USD,0,USD,64.5,USD
B0184DRCNC,ASIN,,399.99,USD,0,USD,60,USD
B0184DRDRM,ASIN,,429.99,USD,0,USD,64.5,USD
B07YSXDNBQ,ASIN,,219.99,USD,0,USD,33,USD
B0B8MPF637,ASIN,,249.99,USD,0,USD,37.5,USD
B0CB75QDBN,ASIN,,259.99,USD,0,USD,39,USD
B0CB75VGP1,ASIN,,259.99,USD,0,USD,39,USD
B0C7WNS6B1,ASIN,,599.99,USD,0,USD,90,USD
B005R0F6DY,ASIN,,149.99,USD,0,USD,22.5,USD
B08D6WD3FH,ASIN,,129.99,USD,0,USD,19.5,USD
B08D6Y2829,ASIN,,139.99,USD,0,USD,21,USD
B09BP1J5ZB,ASIN,,299.99,USD,0,USD,45,USD
B09BP1YPW5,ASIN,,299.99,USD,0,USD,45,USD
B0CB77S7QQ,ASIN,,129.99,USD,0,USD,19.5,USD
B0CB74D4GD,ASIN,,349.99,USD,0,USD,52.5,USD
B01N5UTLD5,ASIN,,99.95,USD,0,USD,14.99,USD
B0CD9TR1QQ,ASIN,,20.45,USD,0,USD,3.07,USD
B0CDNVWW33,ASIN,,20.82,USD,0,USD,3.12,USD
B0CD969DK9,ASIN,,19.99,USD,0,USD,3,USD
B08DJ9H1HF,ASIN,,309.99,USD,0,USD,46.5,USD
B08DGX98QM,ASIN,,269.99,USD,0,USD,40.5,USD
B01N9CIFZ2,ASIN,,14.95,USD,0,USD,2.24,USD
B0CC6D5WVH,ASIN,,219.99,USD,0,USD,33,USD
B07RG74YN6,ASIN,,12.99,USD,0,USD,1.95,USD
B07X13CNFD,ASIN,,12.99,USD,0,USD,1.95,USD
B07X13DPNW,ASIN,,12.99,USD,0,USD,1.95,USD
B07X275RX8,ASIN,,14.99,USD,0,USD,2.25,USD
B07RG72GXB,ASIN,,12.99,USD,0,USD,1.95,USD
B07X13BL3N,ASIN,,14.99,USD,0,USD,2.25,USD
B07X2781GP,ASIN,,13.95,USD,0,USD,2.09,USD
B07X49MCC9,ASIN,,15.99,USD,0,USD,2.4,USD
B07X58W31R,ASIN,,17.99,USD,0,USD,2.7,USD
B0B8MLHDH6,ASIN,,199.99,USD,0,USD,30,USD
B0776ZK5PQ,ASIN,,199.99,USD,0,USD,30,USD
B0776ZK4JK,ASIN,,199.99,USD,0,USD,30,USD
B00GT3F3SG,ASIN,,799.99,USD,0,USD,120,USD
B00KC6NY5U,ASIN,,599.99,USD,0,USD,90,USD
B0BTFPGLX8,ASIN,,799.99,USD,0,USD,120,USD
B08FXW657D,ASIN,,219.99,USD,0,USD,33,USD
B08FXVFC1F,ASIN,,219.99,USD,0,USD,33,USD
B0B648NK4T,ASIN,,229.95,USD,0,USD,34.49,USD
B0B651CRDN,ASIN,,229.95,USD,0,USD,34.49,USD
B0C7XB7ZYG,ASIN,,429.95,USD,0,USD,64.49,USD
B0757CNLMR,ASIN,,339.95,USD,0,USD,50.99,USD
B0C7XMV2ZR,ASIN,,429.95,USD,0,USD,64.49,USD
B0992RH8MZ,ASIN,,329.95,USD,0,USD,49.49,USD
B0B64C1WGC,ASIN,,229.95,USD,0,USD,34.49,USD
B0757CVZM9,ASIN,,229.99,USD,0,USD,34.5,USD
B0C7Y214VF,ASIN,,429.94,USD,0,USD,64.49,USD
B0992QZXHZ,ASIN,,329.95,USD,0,USD,49.49,USD
B0B64762LL,ASIN,,239.95,USD,0,USD,35.99,USD
B0757D281L,ASIN,,247.59,USD,0,USD,37.14,USD
B007NLQLCA,ASIN,,169.95,USD,0,USD,25.49,USD
B0C7XNL9L3,ASIN,,429.95,USD,0,USD,64.49,USD
B07ZJSN5RY,ASIN,,249.95,USD,0,USD,37.49,USD
B09LNWPZNZ,ASIN,,189.95,USD,0,USD,28.49,USD
B09LPHCQ75,ASIN,,199.95,USD,0,USD,29.99,USD
B07ZJNWWMP,ASIN,,119.95,USD,0,USD,17.99,USD
B07ZJSDH8G,ASIN,,119.95,USD,0,USD,17.99,USD
B00NGW946A,ASIN,,169.99,USD,0,USD,25.5,USD
B00NGVOYOS,ASIN,,169.99,USD,0,USD,25.5,USD
B00NGVSIYU,ASIN,,169.99,USD,0,USD,25.5,USD
B079KV1N27,ASIN,,229.99,USD,0,USD,34.5,USD
B06X9P1PDR,ASIN,,299.99,USD,0,USD,45,USD
B06WWQ59SH,ASIN,,319.99,USD,0,USD,48,USD
B06X9JL8Q2,ASIN,,319.99,USD,0,USD,48,USD
B005AX9ARQ,ASIN,,199.95,USD,0,USD,29.99,USD
B004E54YZE,ASIN,,169.95,USD,0,USD,25.49,USD
B0CVS9R487,ASIN,,249.99,USD,0,USD,37.5,USD
B0CVSC9F4K,ASIN,,199.99,USD,0,USD,30,USD
B0CVSDQ772,ASIN,,224.99,USD,0,USD,33.75,USD
B0CVS9XCDB,ASIN,,234.99,USD,0,USD,35.25,USD
B07NY3D8V8,ASIN,,18.99,USD,0,USD,2.85,USD
B07LGDVK5L,ASIN,,18.99,USD,0,USD,2.85,USD
B086PN3HPC,ASIN,,299.94,USD,0,USD,44.99,USD
B07V25F5MH,ASIN,,299.94,USD,0,USD,44.99,USD
B0CVSBT17B,ASIN,,399.99,USD,0,USD,60,USD
B0CVSB5HB9,ASIN,,299.99,USD,0,USD,45,USD
B0CVSCJHYZ,ASIN,,349.99,USD,0,USD,52.5,USD
B0CVS9VT1Y,ASIN,,374.99,USD,0,USD,56.25,USD
B0CVS9VGGR,ASIN,,299.99,USD,0,USD,45,USD
B0CVSDGP5J,ASIN,,249.99,USD,0,USD,37.5,USD
B0CVSFDB34,ASIN,,249.99,USD,0,USD,37.5,USD
B0CVSC84BW,ASIN,,299.99,USD,0,USD,45,USD
B0CVSCK2F3,ASIN,,269.99,USD,0,USD,40.5,USD
B0CVSC4GG1,ASIN,,269.99,USD,0,USD,40.5,USD
B081S8J4YT,ASIN,,199.94,USD,0,USD,29.99,USD
B07N7N8J69,ASIN,,149.99,USD,0,USD,22.5,USD
B0BTFQNPG8,ASIN,,199.99,USD,0,USD,30,USD
B000309IYG,ASIN,,319.99,USD,0,USD,48,USD
B003HVZJRS,ASIN,,199.99,USD,0,USD,30,USD
B003G8DOBA,ASIN,,199.99,USD,0,USD,30,USD
B003FKRWB2,ASIN,,199.99,USD,0,USD,30,USD
B001NZEKOI,ASIN,,199.99,USD,0,USD,30,USD
B005HR9MYQ,ASIN,,199.99,USD,0,USD,30,USD
B003B097IM,ASIN,,149.99,USD,0,USD,22.5,USD
B01KMH9I5I,ASIN,,74.95,USD,0,USD,11.24,USD
B08DJ91PXQ,ASIN,,249.99,USD,0,USD,37.5,USD
B08DJ7J7NN,ASIN,,249.99,USD,0,USD,37.5,USD
B08DJ8HDQP,ASIN,,259.99,USD,0,USD,39,USD
